date,MA8,MA13,MA21,MA34,MA55
2017-01-03,,,,,
2017-01-04,,,,,
2017-01-05,,,,,
2017-01-06,,,,,
2017-01-09,,,,,
2017-01-10,,,,,
2017-01-11,,,,,
2017-01-12,35.87500000000001,,,,
2017-01-13,36.00375000000001,,,,
2017-01-16,35.94750000000001,,,,
2017-01-17,35.92625000000001,,,,
2017-01-18,36.03250000000001,,,,
2017-01-19,36.08250000000002,35.97692307692308,,,
2017-01-20,36.13375000000002,36.150000000000006,,,
2017-01-23,36.32375000000002,36.26384615384616,,,
2017-01-24,36.55125000000002,36.37846153846154,,,
2017-01-25,36.748750000000015,36.46846153846154,,,
2017-01-26,36.94250000000002,36.510769230769235,,,
2017-02-03,37.02375000000002,36.50384615384616,,,
2017-02-06,36.96125000000002,36.549230769230775,,,
2017-02-07,36.91125000000002,36.614615384615384,36.332857142857144,,
2017-02-08,36.93375000000002,36.722307692307695,36.448571428571434,,
2017-02-09,36.92875000000002,36.86769230769231,36.517142857142865,,
2017-02-10,36.98000000000002,37.026923076923076,36.60761904761906,,
2017-02-13,37.14375000000002,37.15230769230769,36.7257142857143,,
2017-02-14,37.35125000000002,37.29153846153846,36.83095238095239,,
2017-02-15,37.60000000000002,37.40615384615384,36.92142857142858,,
2017-02-16,37.85125000000002,37.489230769230765,37.045238095238105,,
2017-02-17,38.16375000000002,37.606923076923074,37.20476190476192,,
2017-02-20,38.702500000000015,37.92461538461538,37.476666666666674,,
2017-02-21,39.14250000000001,38.22153846153846,37.73428571428572,,
2017-02-22,39.57375000000002,38.59615384615384,37.99714285714286,,
2017-02-23,39.81125000000002,38.90615384615384,38.165238095238095,,
2017-02-24,40.01500000000002,39.201538461538455,38.329047619047614,37.42970588235295,
2017-02-27,40.13875000000002,39.378461538461536,38.44714285714286,37.568823529411766,
2017-02-28,40.276250000000026,39.54923076923076,38.55095238095238,37.6764705882353,
2017-03-01,40.40500000000003,39.71461538461537,38.67285714285714,37.79558823529412,
2017-03-02,40.22500000000003,39.820769230769216,38.80095238095238,37.90911764705883,
2017-03-03,40.11625000000003,39.92307692307691,38.943333333333335,38.01323529411765,
2017-03-06,40.02500000000003,40.08846153846153,39.14047619047619,38.13235294117647,
2017-03-07,40.17125000000002,40.333846153846146,39.38809523809524,38.30264705882354,
2017-03-08,40.27500000000002,40.50076923076922,39.610476190476184,38.465,
2017-03-09,40.435000000000024,40.444615384615375,39.78095238095237,38.6114705882353,
2017-03-10,40.57250000000002,40.429230769230756,39.93904761904761,38.76470588235295,
2017-03-13,40.781250000000014,40.45769230769229,40.12095238095237,38.937941176470595,
2017-03-14,40.958750000000016,40.52692307692306,40.2542857142857,39.068235294117656,
2017-03-15,41.15250000000002,40.62307692307691,40.391428571428555,39.20617647058825,
2017-03-16,41.21375000000002,40.749999999999986,40.517142857142844,39.32764705882354,
2017-03-17,41.10250000000002,40.84230769230768,40.62666666666665,39.42705882352942,
2017-03-20,41.098750000000024,40.9276923076923,40.72857142857141,39.535000000000004,
2017-03-21,41.43750000000002,41.19076923076922,40.822857142857124,39.714705882352945,
2017-03-22,41.850000000000016,41.49615384615384,40.97047619047618,39.91941176470589,
2017-03-23,42.08875000000002,41.7276923076923,41.0790476190476,40.129705882352944,
2017-03-24,42.32125000000002,41.849999999999994,41.21047619047617,40.32941176470588,
2017-03-27,42.44750000000002,41.959999999999994,41.31809523809522,40.508823529411764,38.914363636363646
2017-03-28,42.663750000000014,42.12153846153846,41.4790476190476,40.67588235294118,39.06181818181819
2017-03-29,42.95625000000002,42.309230769230766,41.647619047619024,40.84529411764706,39.19272727272728
2017-03-30,43.161250000000024,42.392307692307696,41.77857142857141,40.989411764705885,39.31636363636365
2017-03-31,43.113750000000024,42.51692307692308,41.92333333333331,41.11941176470589,39.44181818181819
2017-04-05,43.00875000000003,42.638461538461534,42.07238095238093,41.25058823529412,39.563090909090924
2017-04-06,42.932500000000026,42.785384615384615,42.186666666666646,41.38441176470588,39.680363636363644
2017-04-07,42.863750000000024,42.93384615384616,42.23619047619046,41.508823529411764,39.80454545454546
2017-04-10,42.752500000000026,42.97769230769231,42.26190476190474,41.5885294117647,39.91472727272728
2017-04-11,42.52500000000003,42.790769230769236,42.27523809523808,41.575294117647054,40.01036363636364
2017-04-12,42.393750000000026,42.643846153846155,42.34142857142855,41.61029411764706,40.13036363636365
2017-04-13,42.403750000000024,42.58615384615385,42.396666666666654,41.65529411764706,40.25854545454546
2017-04-14,42.322500000000026,42.51769230769231,42.44285714285713,41.71029411764705,40.35672727272728
2017-04-17,42.30250000000002,42.54923076923077,42.51047619047618,41.788823529411765,40.46781818181819
2017-04-18,42.418750000000024,42.63461538461539,42.64571428571428,41.92088235294118,40.59454545454547
2017-04-19,42.582500000000024,42.70384615384615,42.79999999999999,42.0514705882353,40.7149090909091
2017-04-20,43.081250000000026,42.928461538461534,43.017142857142844,42.21823529411765,40.864545454545464
2017-04-21,43.668750000000024,43.132307692307684,43.12523809523808,42.38558823529412,41.0169090909091
2017-04-24,43.95125000000002,43.22384615384614,43.141904761904755,42.51264705882353,41.1498181818182
2017-04-25,44.425000000000026,43.50461538461537,43.28666666666666,42.690588235294115,41.33509090909092
2017-04-26,44.84375000000002,43.73615384615384,43.40380952380952,42.809705882352944,41.503272727272744
2017-04-27,45.223750000000024,44.07,43.56809523809524,42.95323529411765,41.676909090909106
2017-04-28,45.426250000000024,44.419999999999995,43.698095238095235,43.09529411764706,41.8298181818182
2017-05-02,45.50125000000003,44.61615384615384,43.76952380952381,43.21117647058823,41.961818181818195
2017-05-03,45.41000000000003,44.77846153846154,43.87380952380952,43.30735294117647,42.090727272727285
2017-05-04,45.251250000000034,44.934615384615384,43.939523809523806,43.39558823529411,42.196181818181834
2017-05-05,45.23250000000003,45.02692307692307,43.98904761904761,43.472647058823526,42.296181818181836
2017-05-08,44.73500000000003,44.92999999999999,43.97333333333332,43.51911764705882,42.372909090909104
2017-05-09,44.48125000000003,44.904615384615376,44.01999999999999,43.60470588235294,42.46763636363637
2017-05-10,44.16750000000003,44.73846153846153,44.10714285714285,43.67529411764706,42.550181818181834
2017-05-11,44.02125000000003,44.636923076923075,44.26809523809523,43.70323529411764,42.603454545454554
2017-05-12,43.97750000000003,44.63230769230769,44.372857142857136,43.711764705882345,42.665090909090914
2017-05-15,44.010000000000026,44.52307692307692,44.48571428571427,43.75941176470588,42.736
2017-05-16,44.41250000000003,44.669230769230765,44.73571428571427,43.887647058823525,42.86545454545455
2017-05-17,44.68750000000003,44.69692307692307,44.89761904761903,43.999705882352934,42.975818181818184
2017-05-18,45.17250000000003,44.77384615384615,45.022380952380935,44.109411764705875,43.10509090909091
2017-05-19,45.598750000000024,44.964615384615385,45.1690476190476,44.22647058823529,43.24181818181818
2017-05-22,46.05375000000002,45.13461538461539,45.239523809523796,44.35588235294117,43.371818181818185
2017-05-23,46.54500000000002,45.433076923076925,45.363809523809515,44.510588235294115,43.52272727272728
2017-05-24,47.00750000000002,45.72461538461539,45.53714285714285,44.65264705882353,43.667454545454554
2017-05-25,47.32625000000002,46.117692307692316,45.590952380952366,44.79323529411765,43.79800000000001
2017-05-26,47.32125000000002,46.416923076923084,45.6795238095238,44.936470588235295,43.905454545454546
2017-05-31,47.51125000000002,46.75461538461539,45.769047619047605,45.11941176470588,44.02836363636364
2017-06-01,47.74125000000002,47.06307692307693,45.904285714285706,45.336764705882345,44.16781818181819
2017-06-02,47.85125000000002,47.34846153846154,46.0642857142857,45.510588235294115,44.300545454545464
2017-06-05,47.846250000000026,47.49538461538463,46.16761904761904,45.63647058823529,44.39945454545456
2017-06-06,47.877500000000026,47.56538461538462,46.36428571428571,45.817647058823525,44.529090909090925
2017-06-07,48.246250000000025,47.914615384615395,46.68523809523809,46.05117647058824,44.69927272727274
2017-06-08,48.70500000000002,48.291538461538465,47.103333333333325,46.27235294117647,44.88763636363638
2017-06-09,49.28125000000002,48.683076923076925,47.50809523809523,46.51264705882353,45.09509090909093
2017-06-12,50.15000000000002,49.27538461538462,48.04809523809523,46.78264705882353,45.344909090909105
2017-06-13,50.943750000000016,49.769999999999996,48.54142857142857,47.048529411764704,45.550545454545464
2017-06-14,51.66125000000002,50.21230769230769,48.99142857142857,47.32470588235294,45.72763636363637
2017-06-15,52.30125000000002,50.55692307692308,49.32619047619047,47.48970588235294,45.8849090909091
2017-06-16,52.740000000000016,50.900000000000006,49.53666666666667,47.67558823529412,46.04454545454547
2017-06-19,52.94875000000002,51.26076923076924,49.83238095238095,47.86882352941176,46.22672727272729
2017-06-20,53.04875000000002,51.557692307692314,50.103809523809524,48.06588235294117,46.398181818181826
2017-06-21,53.35375000000002,52.06923076923078,50.462380952380954,48.36029411764706,46.60745454545456
2017-06-22,53.26875000000002,52.612307692307695,50.79666666666667,48.631764705882354,46.81509090909093
2017-06-23,53.30750000000002,53.111538461538466,51.11761904761905,48.94411764705882,47.033272727272745
2017-06-26,53.68750000000002,53.56076923076924,51.53619047619048,49.31411764705882,47.280909090909105
2017-06-27,54.30625000000002,54.00384615384616,51.985238095238095,49.74176470588235,47.53927272727274
2017-06-28,54.75875000000002,54.27076923076924,52.37000000000001,50.093823529411765,47.77472727272728
2017-06-29,55.11500000000002,54.316153846153846,52.72904761904763,50.44470588235294,48.024909090909105
2017-06-30,55.54750000000003,54.39076923076924,53.077619047619066,50.7779411764706,48.29236363636365
2017-07-03,55.47500000000002,54.41615384615385,53.36666666666668,51.06558823529412,48.510181818181835
2017-07-04,55.27500000000003,54.442307692307686,53.62666666666668,51.28235294117648,48.68727272727275
2017-07-05,55.07750000000003,54.54999999999999,53.860476190476206,51.45352941176471,48.88854545454548
2017-07-06,54.60875000000003,54.58230769230768,53.960000000000015,51.64852941176472,49.07090909090911
2017-07-07,53.938750000000034,54.55153846153844,53.97904761904763,51.80441176470589,49.21490909090911
2017-07-10,53.58250000000004,54.411538461538434,54.00857142857143,51.97235294117648,49.37472727272729
2017-07-11,53.366250000000036,54.37615384615382,53.954285714285724,52.16529411764707,49.52090909090911
2017-07-12,52.93125000000004,54.15923076923074,53.83476190476191,52.28058823529413,49.63963636363638
2017-07-13,52.70000000000004,53.8084615384615,53.762380952380965,52.405000000000015,49.782727272727286
2017-07-14,52.69875000000004,53.453076923076885,53.77809523809525,52.54647058823531,49.89072727272728
2017-07-17,52.460000000000036,53.13538461538458,53.75380952380953,52.662647058823545,49.996363636363654
2017-07-18,52.41000000000004,52.91769230769228,53.754761904761914,52.801176470588246,50.11618181818184
2017-07-19,52.648750000000035,52.767692307692286,53.826666666666675,52.95911764705883,50.26545454545457
2017-07-20,52.90125000000003,52.82769230769229,53.83619047619048,53.16058823529413,50.45109090909093
2017-07-21,53.02875000000003,52.99384615384614,53.86285714285715,53.384705882352954,50.629090909090934
2017-07-24,53.49500000000003,53.185384615384606,53.90619047619049,53.602352941176484,50.83872727272729
2017-07-25,53.892500000000034,53.367692307692295,53.840476190476195,53.733529411764714,51.04236363636366
2017-07-26,54.07625000000003,53.537692307692296,53.69047619047619,53.81029411764706,51.249454545454576
2017-07-27,54.35625000000003,53.61153846153846,53.600476190476186,53.856764705882355,51.4327272727273
2017-07-28,54.74875000000003,53.76846153846154,53.61523809523809,53.883235294117654,51.65527272727276
2017-07-31,55.00500000000003,54.04384615384616,53.61999999999999,53.91470588235295,51.86309090909095
2017-08-01,55.22625000000003,54.382307692307705,53.74142857142856,53.99941176470588,52.08727272727276
2017-08-02,55.35125000000003,54.62615384615386,53.891904761904755,54.10235294117647,52.278727272727316
2017-08-03,55.175000000000026,54.856153846153866,53.94333333333332,54.17529411764706,52.40418181818186
2017-08-04,55.01625000000003,54.97153846153848,53.99571428571427,54.22,52.544727272727314
2017-08-07,55.26500000000003,55.147692307692324,54.19571428571427,54.33176470588235,52.717454545454586
2017-08-08,55.52250000000003,55.22461538461539,54.33952380952379,54.36705882352941,52.87618181818186
2017-08-09,55.636250000000025,55.37307692307692,54.47999999999998,54.440294117647056,53.04909090909095
2017-08-10,55.86625000000003,55.50307692307693,54.73809523809522,54.51676470588235,53.21890909090912
2017-08-11,55.79375000000003,55.5523076923077,54.91999999999997,54.495,53.36527272727276
2017-08-14,56.00250000000003,55.81153846153847,55.15047619047617,54.50147058823529,53.54072727272731
2017-08-15,56.37750000000003,56.10000000000001,55.43571428571427,54.556176470588234,53.721454545454584
2017-08-16,56.72250000000004,56.18615384615385,55.63857142857141,54.598235294117636,53.88454545454549
2017-08-17,56.69875000000004,56.190000000000005,55.738571428571404,54.602647058823514,54.02036363636367
2017-08-18,56.69875000000004,56.13076923076923,55.786190476190455,54.65499999999999,54.16309090909094
2017-08-21,56.55750000000004,56.11538461538461,55.82428571428569,54.7420588235294,54.316181818181846
2017-08-22,56.117500000000035,56.08307692307692,55.73714285714283,54.76147058823528,54.41745454545457
2017-08-23,55.96625000000004,56.136923076923075,55.70999999999997,54.814411764705866,54.48818181818184
2017-08-24,55.55125000000004,55.9876923076923,55.71238095238092,54.88088235294116,54.536545454545475
2017-08-25,55.12625000000004,55.856153846153845,55.729047619047584,54.91941176470586,54.57163636363638
2017-08-28,54.94875000000004,55.76307692307692,55.71476190476187,54.970588235294095,54.58254545454547
2017-08-29,54.87125000000004,55.57769230769231,55.687619047619016,55.059117647058805,54.59163636363638
2017-08-30,54.92625000000004,55.596923076923076,55.671904761904734,55.178823529411744,54.63800000000002
2017-08-31,54.92375000000004,55.45153846153846,55.661428571428544,55.265588235294096,54.69763636363638
2017-09-01,55.10125000000004,55.29769230769231,55.70904761904759,55.38294117647057,54.7609090909091
2017-09-04,55.02875000000004,55.09461538461539,55.714761904761886,55.4305882352941,54.79072727272729
2017-09-05,55.055000000000035,54.97615384615385,55.63238095238093,55.447058823529396,54.828363636363655
2017-09-06,55.02125000000003,54.82384615384616,55.53809523809522,55.41823529411763,54.81418181818183
2017-09-07,54.73625000000003,54.6423076923077,55.37190476190474,55.37235294117645,54.796000000000014
2017-09-08,54.31875000000003,54.47076923076924,55.09809523809521,55.252941176470564,54.73872727272728
2017-09-11,53.89625000000003,54.32307692307693,54.94904761904759,55.17970588235292,54.66836363636365
2017-09-12,53.66000000000003,54.28769230769232,54.76904761904758,55.167647058823505,54.603636363636376
2017-09-13,53.59250000000003,54.35384615384616,54.6480952380952,55.203235294117626,54.591272727272745
2017-09-14,53.66625000000003,54.305384615384625,54.550476190476154,55.17588235294115,54.58000000000002
2017-09-15,53.74875000000004,54.28538461538463,54.5085714285714,55.15147058823527,54.56672727272729
2017-09-18,54.07250000000004,54.298461538461545,54.537619047619025,55.14676470588233,54.610181818181836
2017-09-19,54.48750000000004,54.373846153846166,54.583333333333314,55.169117647058805,54.68145454545456
2017-09-20,55.071250000000035,54.4523076923077,54.69952380952379,55.22852941176468,54.73781818181819
2017-09-21,55.42750000000004,54.56846153846155,54.74380952380951,55.27647058823528,54.78745454545455
2017-09-22,55.73750000000003,54.70769230769232,54.83999999999998,55.278823529411746,54.86527272727273
2017-09-25,56.04500000000004,54.98384615384616,54.99809523809523,55.32617647058822,54.94945454545455
2017-09-26,56.306250000000034,55.27153846153847,55.06761904761904,55.33352941176469,55.007636363636365
2017-09-27,56.52750000000003,55.64461538461539,55.1395238095238,55.3070588235294,55.08981818181818
2017-09-28,56.65625000000003,55.99692307692309,55.19666666666666,55.34970588235293,55.18563636363636
2017-09-29,56.75750000000002,56.28000000000001,55.281904761904755,55.346764705882336,55.27181818181818
2017-10-09,57.010000000000026,56.55538461538462,55.426666666666655,55.377352941176454,55.39963636363636
2017-10-10,57.44250000000003,56.892307692307696,55.66333333333333,55.44588235294117,55.51945454545454
2017-10-11,58.080000000000034,57.37307692307692,55.99238095238095,55.603823529411756,55.65527272727272
2017-10-12,58.50375000000003,57.71076923076923,56.3247619047619,55.75088235294117,55.764363636363626
2017-10-13,59.095000000000034,58.106923076923074,56.72809523809523,55.93058823529411,55.889999999999986
2017-10-16,59.46375000000003,58.347692307692306,57.0995238095238,56.094411764705875,55.95799999999999
2017-10-17,59.79500000000004,58.684615384615384,57.44380952380952,56.25058823529411,56.044181818181805
2017-10-18,60.303750000000036,59.089999999999996,57.81285714285714,56.46499999999999,56.177636363636346
2017-10-19,60.861250000000034,59.51923076923077,58.19571428571428,56.726764705882346,56.34581818181817
2017-10-20,61.27750000000003,59.95153846153846,58.56285714285714,56.934999999999995,56.469090909090895
2017-10-23,61.455000000000034,60.40538461538461,58.928095238095224,57.15294117647058,56.59345454545453
2017-10-24,61.80250000000004,60.87769230769231,59.26952380952379,57.36882352941175,56.720909090909075
2017-10-25,61.977500000000035,61.31923076923077,59.58142857142855,57.59029411764704,56.85381818181816
2017-10-26,62.65375000000004,61.82076923076924,59.98809523809522,57.871470588235276,57.04581818181816
2017-10-27,63.640000000000036,62.49846153846155,60.57238095238093,58.276764705882336,57.29854545454543
2017-10-30,64.34625000000003,62.94615384615386,61.092380952380935,58.65117647058822,57.49854545454543
2017-10-31,64.79875000000003,63.39307692307694,61.530476190476165,59.02735294117645,57.69509090909089
2017-11-01,65.36250000000003,63.80846153846156,62.01285714285711,59.43529411764704,57.88381818181816
2017-11-02,65.99000000000002,64.42153846153847,62.532857142857104,59.8991176470588,58.065999999999974
2017-11-03,66.58250000000002,65.0546153846154,63.05095238095233,60.35382352941174,58.29018181818179
2017-11-06,67.47375000000002,65.73153846153848,63.66380952380948,60.8405882352941,58.522363636363615
2017-11-07,68.21625000000003,66.34692307692309,64.25714285714282,61.31235294117646,58.76781818181816
2017-11-08,68.52625000000003,66.95923076923079,64.79476190476187,61.77323529411763,59.01545454545452
2017-11-09,69.04500000000003,67.61692307692309,65.26952380952378,62.25029411764704,59.29436363636361
2017-11-10,70.04250000000003,68.46384615384616,65.92619047619044,62.784999999999975,59.635999999999974
2017-11-13,70.97000000000003,69.34230769230771,66.53666666666663,63.31352941176469,59.98018181818179
2017-11-14,71.54125000000002,69.89076923076927,67.13380952380949,63.77441176470587,60.30945454545452
2017-11-15,72.35000000000002,70.41461538461542,67.83380952380949,64.33558823529411,60.6732727272727
2017-11-16,73.10625000000003,71.12230769230771,68.54095238095235,64.92735294117647,61.07581818181816
2017-11-17,73.58875000000003,71.75615384615388,69.10571428571426,65.44029411764706,61.453272727272704
2017-11-20,73.89625000000004,72.21076923076927,69.60190476190473,65.9120588235294,61.771454545454525
2017-11-21,74.24625000000005,72.69769230769235,70.14238095238093,66.41941176470587,62.11254545454543
2017-11-22,73.90875000000004,72.97230769230772,70.53809523809522,66.84441176470588,62.397090909090885
2017-11-23,73.05000000000004,72.77384615384618,70.75476190476189,67.1470588235294,62.61672727272726
2017-11-24,72.58375000000004,72.57846153846157,70.91666666666666,67.43882352941176,62.85236363636362
2017-11-27,71.68250000000003,72.35692307692311,70.89761904761903,67.68617647058825,63.09563636363635
2017-11-28,70.74250000000004,72.16692307692311,70.97761904761903,67.90676470588237,63.357636363636345
2017-11-29,69.66250000000004,71.52230769230773,70.95857142857142,68.06588235294119,63.58290909090908
2017-11-30,68.74625000000003,70.84230769230774,70.89095238095237,68.18294117647059,63.809272727272706
2017-12-01,67.66500000000003,70.31230769230774,70.78047619047618,68.34911764705883,64.05381818181817
2017-12-04,67.17125000000004,69.78538461538467,70.76238095238094,68.58000000000001,64.32799999999999
2017-12-05,67.26500000000004,69.17923076923081,70.67523809523807,68.78500000000001,64.59563636363634
2017-12-06,67.24750000000004,68.6761538461539,70.54761904761902,68.94147058823532,64.83854545454544
2017-12-07,67.04375000000005,68.14000000000004,70.33285714285712,69.0429411764706,65.04145454545453
2017-12-08,66.94625000000005,67.67461538461542,70.17809523809521,69.19882352941178,65.27727272727272
2017-12-11,67.65625000000004,67.67461538461542,70.04952380952379,69.44323529411767,65.55872727272727
2017-12-12,68.43875000000004,68.00461538461542,69.92666666666665,69.70323529411768,65.83854545454545
2017-12-13,69.54500000000004,68.44230769230772,70.01999999999998,69.97058823529414,66.1590909090909
2017-12-14,70.38750000000005,68.98846153846156,70.0147619047619,70.16764705882356,66.504
2017-12-15,70.96625000000004,69.3169230769231,69.85999999999999,70.34264705882356,66.81072727272728
2017-12-18,72.06125000000004,70.15230769230772,69.96571428571427,70.65029411764709,67.16818181818182
2017-12-19,73.61875000000005,71.13846153846156,70.22714285714285,70.98558823529414,67.55963636363637
2017-12-20,75.33125000000005,72.39230769230772,70.59142857142855,71.39676470588239,68.01236363636365
2017-12-21,76.61250000000005,73.48461538461541,71.07952380952379,71.80323529411768,68.46145454545456
2017-12-22,77.70250000000006,74.42769230769233,71.6990476190476,72.11000000000003,68.88509090909092
2017-12-25,78.50375000000005,75.36923076923078,72.27523809523807,72.39117647058826,69.28545454545456
2017-12-26,79.10125000000005,76.40846153846155,72.84095238095236,72.6558823529412,69.65436363636364
2017-12-27,79.72000000000004,77.17769230769233,73.27999999999999,72.85441176470592,69.95836363636364
2017-12-28,80.19250000000004,77.86692307692309,73.97714285714284,73.03852941176474,70.3229090909091
2017-12-29,80.37500000000004,78.48384615384617,74.65714285714284,73.19852941176475,70.6549090909091
2018-01-02,80.24750000000004,78.97846153846156,75.38476190476189,73.4452941176471,71.03545454545456
2018-01-03,80.09125000000004,79.45615384615387,76.00142857142856,73.62470588235297,71.41363636363639
2018-01-04,80.39250000000004,80.22846153846156,76.69999999999999,73.82441176470591,71.80709090909092
2018-01-05,80.65750000000006,80.65923076923079,77.38380952380952,74.0544117647059,72.1649090909091
2018-01-08,80.99875000000006,80.95000000000002,78.15714285714286,74.32705882352944,72.5229090909091
2018-01-09,82.02375000000006,81.29615384615386,79.02380952380952,74.68441176470591,72.95018181818182
2018-01-10,83.02875000000006,81.81538461538463,79.83333333333333,75.18441176470591,73.41036363636364
2018-01-11,84.03875000000006,82.38307692307693,80.6,75.78411764705885,73.86381818181819
2018-01-12,85.38750000000006,83.21461538461539,81.41999999999999,76.45794117647061,74.34218181818183
2018-01-15,86.74375000000006,84.15923076923076,82.23238095238094,77.16852941176472,74.77418181818182
2018-01-16,87.72250000000005,85.15307692307692,83.08333333333331,77.81970588235296,75.20727272727272
2018-01-17,88.13875000000004,85.54923076923077,83.50857142857141,78.40176470588239,75.55981818181819
2018-01-18,88.66375000000004,86.05076923076925,83.88857142857141,79.01352941176475,75.91218181818182
2018-01-19,88.54750000000003,86.40384615384619,84.05857142857141,79.59794117647063,76.23127272727274
2018-01-22,88.73750000000003,87.13615384615387,84.45238095238093,80.25882352941181,76.6329090909091
2018-01-23,88.95625000000003,87.65307692307695,84.88714285714285,80.88794117647063,76.98854545454547
2018-01-24,88.45375000000003,88.01230769230772,85.21047619047619,81.44764705882356,77.2858181818182
2018-01-25,87.73500000000003,88.3046153846154,85.52142857142856,82.03705882352945,77.56818181818184
2018-01-26,87.23750000000003,88.36153846153849,85.94714285714284,82.59411764705885,77.85345454545457
2018-01-29,86.74625000000003,87.83692307692309,86.00523809523808,82.89352941176473,77.98945454545456
2018-01-30,86.12125000000003,87.33230769230771,86.07761904761904,83.17411764705885,78.11600000000001
2018-01-31,86.02250000000004,86.79461538461541,86.25857142857141,83.47500000000002,78.33763636363639
2018-02-01,85.09250000000004,86.12000000000003,86.35761904761904,83.7188235294118,78.48636363636365
2018-02-02,84.16375000000004,85.46307692307695,86.32380952380952,83.99323529411768,78.59690909090911
2018-02-05,82.97875000000003,84.83692307692311,86.0947619047619,84.01647058823534,78.65163636363638
2018-02-06,81.78375000000003,84.07076923076927,85.82047619047619,83.95823529411769,78.71545454545455
2018-02-07,79.80625000000002,82.98230769230774,85.10238095238094,83.64705882352945,78.66218181818184
2018-02-08,78.54875000000001,81.56692307692313,84.29857142857142,83.34911764705886,78.66436363636367
2018-02-09,77.27375000000002,80.14307692307699,83.50047619047618,83.07323529411768,78.73036363636368
2018-02-12,76.02625000000002,79.14692307692313,82.69238095238094,82.89205882352945,78.83836363636367
2018-02-13,75.04125000000002,78.3084615384616,81.8995238095238,82.76352941176475,78.97490909090912
2018-02-14,74.33125000000003,77.52076923076929,81.22238095238095,82.7252941176471,79.11890909090913
2018-02-22,74.61000000000003,77.3684615384616,80.94095238095237,82.70294117647062,79.37127272727277
2018-02-23,75.01000000000003,77.23307692307698,80.6190476190476,82.6958823529412,79.6265454545455
2018-02-26,75.94750000000003,76.78230769230775,80.30238095238094,82.63529411764708,79.86690909090913
2018-02-27,76.45750000000004,76.25307692307697,79.62047619047617,82.49411764705884,80.01509090909096
2018-02-28,76.84250000000003,75.63769230769236,78.88571428571426,82.23794117647061,80.12345454545459
2018-03-01,76.83250000000004,75.36461538461543,78.26523809523808,81.99205882352945,80.2325454545455
2018-03-02,76.62250000000003,75.13230769230773,77.66619047619045,81.73382352941181,80.36818181818187
2018-03-05,76.05875000000003,75.21461538461543,76.9638095238095,81.3217647058824,80.44436363636369
2018-03-06,75.20125000000003,75.30846153846159,76.54285714285713,80.86117647058828,80.46872727272734
2018-03-07,74.40625000000003,75.46846153846158,76.15619047619046,80.42941176470593,80.49454545454552
2018-03-08,74.20375000000003,75.66076923076928,75.79999999999998,80.00382352941182,80.54454545454551
2018-03-09,74.32875000000003,75.81461538461544,75.51999999999998,79.57294117647064,80.58836363636371
2018-03-12,74.56250000000003,75.78000000000004,75.22809523809522,79.14147058823535,80.64654545454553
2018-03-13,74.59875000000004,75.35769230769235,75.07285714285712,78.80617647058828,80.60163636363643
2018-03-14,74.86500000000004,75.04307692307697,75.03047619047616,78.48705882352947,80.54945454545462
2018-03-15,75.60375000000003,75.00307692307696,75.36285714285711,78.27617647058828,80.48400000000007
2018-03-16,76.05750000000003,75.06230769230773,75.5938095238095,77.87764705882357,80.38800000000006
2018-03-19,76.61125000000004,75.32615384615389,75.90380952380949,77.52470588235299,80.33581818181825
2018-03-20,76.45500000000004,75.42846153846158,75.9633333333333,77.18058823529417,80.24654545454551
2018-03-21,76.13250000000004,75.51307692307697,75.93571428571425,76.84294117647063,80.15654545454551
2018-03-22,75.63000000000004,75.51615384615388,75.72285714285711,76.41029411764711,80.05163636363643
2018-03-23,75.22500000000004,75.37230769230773,75.30714285714282,76.0952941176471,79.87909090909098
2018-03-26,74.53000000000004,75.11923076923081,74.84761904761902,75.75970588235297,79.6992727272728
2018-03-27,73.33875000000005,74.47076923076928,74.36904761904759,75.29176470588239,79.47909090909098
2018-03-28,71.82250000000005,73.52000000000004,73.82809523809522,74.75529411764708,79.1852727272728
2018-03-29,70.54625000000004,72.85461538461543,73.50523809523807,74.32058823529414,78.90363636363644
2018-03-30,69.38500000000005,72.22000000000004,73.12619047619044,73.98205882352943,78.60690909090916
2018-04-02,68.37375000000006,71.5184615384616,72.79333333333331,73.68764705882354,78.3201818181819
2018-04-03,67.74750000000006,70.68153846153851,72.55666666666664,73.57294117647061,77.97509090909098
2018-04-04,67.56375000000006,70.14538461538467,72.39761904761903,73.51058823529414,77.62963636363644
2018-04-09,67.53375000000005,69.53307692307698,72.2295238095238,73.46794117647062,77.29854545454552
2018-04-10,67.77250000000005,69.12769230769236,71.9190476190476,73.34970588235296,76.91690909090916
2018-04-11,68.46875000000006,68.80384615384621,71.59571428571428,73.20882352941179,76.52709090909099
2018-04-12,68.68125000000006,68.5784615384616,71.2647619047619,72.99117647058826,76.13400000000009
2018-04-13,68.88375000000006,68.31769230769237,70.9490476190476,72.63470588235296,75.80618181818188
2018-04-16,69.07625000000006,68.16230769230775,70.58809523809524,72.29147058823531,75.47109090909098
2018-04-17,69.06125000000006,68.04923076923083,70.06428571428572,71.95264705882356,75.14072727272733
2018-04-18,68.61500000000007,68.17153846153852,69.56238095238095,71.66529411764708,74.70272727272733
2018-04-19,68.69250000000007,68.39230769230775,69.21285714285713,71.55029411764707,74.35109090909097
2018-04-20,68.59875000000007,68.64384615384621,68.92619047619047,71.41235294117648,74.02890909090915
2018-04-23,68.52125000000007,68.89461538461545,68.69619047619047,71.30264705882354,73.7323636363637
2018-04-24,68.92500000000007,69.30307692307699,68.71047619047619,71.31264705882353,73.47036363636369
2018-04-25,69.47000000000007,69.49076923076929,68.75666666666665,71.28617647058825,73.2932727272728
2018-04-26,69.61125000000007,69.44076923076929,68.7142857142857,71.16323529411765,73.06963636363642
2018-04-27,69.73375000000007,69.25615384615391,68.69095238095235,70.90088235294118,72.7714545454546
2018-05-02,70.34500000000007,69.32615384615391,68.9995238095238,70.7279411764706,72.55763636363642
2018-05-03,70.77375000000006,69.68000000000006,69.29952380952379,70.65882352941176,72.4034545454546
2018-05-04,71.18250000000006,70.0584615384616,69.61095238095237,70.6085294117647,72.31309090909096
2018-05-07,71.97125000000005,70.67615384615391,70.06666666666665,70.62176470588236,72.30509090909096
2018-05-08,72.42250000000006,71.37153846153852,70.49142857142856,70.56411764705882,72.39636363636369
2018-05-09,72.91125000000005,72.13461538461544,70.7938095238095,70.54588235294118,72.47327272727279
2018-05-10,74.02125000000005,72.72000000000006,71.18571428571427,70.55382352941176,72.5965454545455
2018-05-11,75.15625000000006,73.29153846153851,71.5038095238095,70.59529411764706,72.64490909090914
2018-05-14,76.04375000000005,73.95538461538466,71.88523809523807,70.70705882352941,72.7034545454546
2018-05-15,76.74125000000005,74.49000000000004,72.36999999999998,70.92029411764706,72.75400000000006
2018-05-16,77.52500000000005,75.01538461538465,72.90285714285713,71.14970588235295,72.73709090909098
2018-05-17,77.65875000000005,75.62846153846156,73.33619047619045,71.3579411764706,72.69036363636371
2018-05-18,77.85250000000006,76.36769230769234,73.84047619047617,71.62617647058826,72.67345454545462
2018-05-21,77.96875000000006,76.82615384615386,74.35714285714283,71.99205882352943,72.69309090909098
2018-05-22,77.92750000000005,77.12230769230771,74.70380952380951,72.29058823529415,72.7543636363637
2018-05-23,77.85000000000005,77.3946153846154,75.02809523809522,72.58705882352945,72.79290909090916
2018-05-24,77.31250000000006,77.24230769230772,75.23428571428569,72.81029411764709,72.80381818181824
2018-05-25,76.67750000000005,77.10846153846157,75.32333333333331,73.02147058823533,72.84400000000007
2018-05-28,76.46250000000006,77.20076923076925,75.56666666666665,73.24352941176474,72.92054545454552
2018-05-29,76.37125000000007,77.07461538461541,75.91142857142856,73.43735294117651,72.97618181818189
2018-05-30,76.27250000000006,77.0546153846154,76.33142857142855,73.62617647058828,72.9743636363637
2018-05-31,76.49750000000006,77.10538461538464,76.70095238095236,73.88117647058827,73.00854545454553
2018-06-01,76.61875000000006,77.04692307692311,76.93047619047617,74.15823529411769,73.05345454545461
2018-06-04,77.28875000000005,77.24923076923079,77.35428571428568,74.564705882353,73.18418181818188
2018-06-05,78.38625000000005,77.69000000000003,77.67809523809521,75.00088235294123,73.31600000000007
2018-06-06,79.36250000000005,78.03769230769232,77.96714285714282,75.44529411764712,73.39072727272735
2018-06-07,79.78750000000005,78.32000000000002,78.18619047619043,75.87235294117653,73.46309090909098
2018-06-08,80.29375000000005,78.53076923076925,78.30095238095234,76.16705882352947,73.51181818181826
2018-06-11,81.00375000000005,78.99538461538464,78.55904761904759,76.54500000000006,73.63600000000007
2018-06-12,81.88125000000005,79.9169230769231,78.92476190476188,77.024705882353,73.84472727272734
2018-06-13,82.73750000000005,80.77615384615387,79.21476190476189,77.4082352941177,74.08727272727279
2018-06-14,83.06375000000006,81.31153846153849,79.4642857142857,77.76323529411769,74.3243636363637
2018-06-15,83.12000000000006,81.84307692307696,79.75857142857141,78.17941176470593,74.56545454545461
2018-06-19,82.84125000000006,82.08000000000003,79.86761904761904,78.52941176470594,74.77290909090917
2018-06-20,82.99250000000006,82.3169230769231,80.09999999999998,78.8482352941177,75.08781818181826
2018-06-21,83.05375000000006,82.49076923076926,80.2538095238095,79.05647058823536,75.33109090909099
2018-06-22,82.76625000000007,82.36615384615388,80.43190476190473,79.27058823529417,75.58236363636371
2018-06-25,82.28000000000007,82.31307692307695,80.81714285714283,79.4502941176471,75.86745454545463
2018-06-26,81.78125000000007,82.26461538461541,81.1590476190476,79.61029411764711,76.12854545454553
2018-06-27,80.79875000000007,81.93384615384618,81.11619047619044,79.61911764705889,76.24945454545464
2018-06-28,79.59875000000007,81.41538461538464,80.98809523809521,79.49176470588242,76.32036363636372
2018-06-29,79.11375000000007,80.9169230769231,80.94999999999997,79.46058823529418,76.42254545454553
2018-07-02,78.14125000000007,80.01538461538463,80.72619047619045,79.34176470588241,76.49472727272735
2018-07-03,77.07875000000007,79.00846153846155,80.42904761904761,79.13588235294124,76.55254545454552
2018-07-04,75.89375000000007,77.95384615384617,79.90047619047618,78.88676470588241,76.60200000000007
2018-07-05,74.48250000000007,76.99769230769233,79.33,78.70294117647065,76.65381818181825
2018-07-06,73.12500000000007,76.28538461538463,78.78285714285714,78.49794117647063,76.71963636363643
2018-07-09,72.74875000000007,75.63000000000002,78.43476190476191,78.39088235294123,76.85072727272734
2018-07-10,72.71375000000008,75.05230769230772,78.1004761904762,78.26500000000004,76.90527272727279
2018-07-11,72.22375000000008,74.42923076923078,77.6052380952381,78.1367647058824,76.94981818181824
2018-07-12,72.17625000000008,73.79769230769233,77.02904761904763,78.1332352941177,77.0263636363637
2018-07-13,72.59750000000008,73.3569230769231,76.56619047619049,78.17588235294122,77.08672727272733
2018-07-16,73.18750000000009,73.27000000000001,76.13809523809525,78.11617647058829,77.14272727272733
2018-07-17,73.59000000000009,73.30000000000001,75.69952380952381,78.04852941176475,77.2325454545455
2018-07-18,73.9262500000001,73.09307692307695,75.38666666666666,77.94588235294121,77.32945454545461
2018-07-19,73.9062500000001,73.02384615384618,74.97333333333333,77.78117647058828,77.36872727272734
2018-07-20,73.9137500000001,73.10461538461541,74.61857142857143,77.62852941176475,77.36200000000007
2018-07-23,73.9187500000001,73.21384615384618,74.2347619047619,77.3438235294118,77.34781818181825
2018-07-24,74.0600000000001,73.53769230769232,73.89761904761905,77.11529411764708,77.33018181818188
2018-07-25,73.9662500000001,73.8746153846154,73.58904761904762,76.90617647058826,77.3112727272728
2018-07-26,73.81250000000011,73.92461538461541,73.47666666666666,76.7102941176471,77.27381818181824
2018-07-27,73.83125000000013,73.98769230769231,73.50238095238095,76.52794117647062,77.20490909090915
2018-07-30,73.74250000000013,74.02769230769232,73.34047619047618,76.2373529411765,77.12381818181824
2018-07-31,73.58875000000013,73.89307692307693,73.23904761904762,75.83000000000004,77.01163636363641
2018-08-01,73.16250000000014,73.4523076923077,73.12666666666667,75.37558823529416,76.84145454545461
2018-08-02,72.63750000000013,72.87538461538462,72.99428571428571,74.89058823529416,76.63690909090916
2018-08-03,71.46750000000013,72.23153846153846,72.74904761904762,74.37352941176475,76.42963636363643
2018-08-06,70.13500000000013,71.54153846153847,72.45,73.91647058823534,76.18872727272733
2018-08-07,69.17125000000013,71.01076923076924,72.11380952380952,73.4582352941177,75.99418181818187
2018-08-08,67.95250000000013,70.31923076923077,71.68857142857144,72.97470588235299,75.75400000000005
2018-08-09,67.17250000000013,69.87615384615385,71.41619047619048,72.5682352941177,75.57072727272732
2018-08-10,66.41000000000012,69.18538461538462,71.04238095238095,72.09588235294123,75.42581818181823
2018-08-13,65.70875000000012,68.37076923076924,70.50238095238095,71.59382352941182,75.24600000000005
2018-08-14,65.35625000000012,67.67153846153847,70.01095238095238,71.25705882352946,75.0214545454546
2018-08-15,65.06375000000011,66.83615384615386,69.50095238095237,70.95352941176475,74.78490909090914
2018-08-16,64.6650000000001,65.95538461538463,68.92190476190476,70.5167647058824,74.50036363636367
2018-08-17,63.931250000000105,65.06769230769233,68.31380952380952,70.11470588235298,74.16636363636368
2018-08-20,63.63000000000011,64.45307692307694,67.77095238095237,69.8102941176471,73.86472727272732
2018-08-21,63.376250000000105,64.1769230769231,67.39999999999998,69.62294117647063,73.54709090909095
2018-08-22,63.081250000000104,64.02461538461542,66.85999999999999,69.4132352941177,73.1996363636364
2018-08-23,63.0487500000001,64.01000000000002,66.34333333333332,69.22294117647064,72.87309090909095
2018-08-24,62.78125000000009,63.739230769230794,65.80857142857141,68.9117647058824,72.54781818181823
2018-08-27,63.028750000000095,63.80615384615386,65.38571428571427,68.674705882353,72.27363636363641
2018-08-28,63.4225000000001,63.647692307692324,64.99047619047617,68.44588235294124,71.94309090909096
2018-08-29,63.8062500000001,63.46538461538463,64.58714285714284,68.14529411764711,71.53727272727278
2018-08-30,63.97750000000009,63.38769230769232,64.27190476190475,67.78205882352947,71.13600000000005
2018-08-31,63.67375000000009,63.141538461538474,63.98523809523809,67.38441176470594,70.72672727272733
2018-09-03,63.458750000000094,63.03692307692309,63.80904761904761,67.02941176470594,70.33981818181823
2018-09-04,63.286250000000095,63.16153846153847,63.734285714285704,66.71941176470594,70.02872727272732
2018-09-05,63.028750000000095,63.18384615384616,63.46857142857142,66.35235294117652,69.64400000000005
2018-09-06,62.32875000000009,63.00538461538463,63.243333333333325,65.94882352941183,69.25909090909096
2018-09-07,61.88750000000009,62.73153846153847,62.97714285714286,65.61500000000007,68.90618181818186
2018-09-10,61.47500000000009,62.476923076923086,62.70714285714286,65.18411764705888,68.51109090909097
2018-09-11,61.17500000000009,62.234615384615395,62.544761904761906,64.77235294117654,68.13872727272732
2018-09-12,60.89375000000009,61.98000000000001,62.28523809523811,64.344705882353,67.83145454545459
2018-09-13,60.645000000000095,61.57000000000001,62.1257142857143,63.92676470588241,67.58290909090914
2018-09-14,60.490000000000094,61.35692307692308,62.14380952380954,63.60117647058831,67.31981818181823
2018-09-17,60.6100000000001,61.21692307692309,62.20333333333334,63.298529411764775,67.09400000000005
2018-09-18,61.0475000000001,61.20230769230771,62.25952380952382,63.09823529411772,66.92727272727278
2018-09-19,61.5062500000001,61.39769230769233,62.264761904761926,62.995882352941244,66.8134545454546
2018-09-20,62.0075000000001,61.583846153846174,62.29809523809526,62.95823529411771,66.6965454545455
2018-09-21,62.6850000000001,61.864615384615405,62.406190476190496,63.01941176470594,66.62018181818188
2018-09-25,63.391250000000106,62.20307692307694,62.517619047619064,62.98470588235301,66.47036363636369
2018-09-26,64.2937500000001,62.779230769230786,62.60761904761907,63.06588235294124,66.35818181818188
2018-09-27,65.0237500000001,63.286923076923095,62.753809523809544,63.09558823529417,66.27254545454551
2018-09-28,65.78500000000011,63.86923076923079,62.95714285714288,63.151470588235334,66.16436363636369
2018-10-08,65.81875000000011,64.06000000000003,62.96095238095239,63.124117647058874,65.94127272727278
2018-10-09,65.6837500000001,64.34538461538465,63.03047619047619,63.07294117647064,65.72200000000005
2018-10-10,65.2362500000001,64.4092307692308,62.9752380952381,62.99882352941182,65.4814545454546
2018-10-11,64.27375000000009,64.19307692307696,62.782380952380954,62.927352941176515,65.21618181818187
2018-10-12,63.63750000000009,64.06615384615388,62.74952380952381,62.91558823529416,64.97672727272732
2018-10-15,62.58250000000009,63.72384615384619,62.70428571428571,62.819411764705926,64.71000000000005
2018-10-16,61.532500000000084,63.303076923076965,62.61857142857143,62.66176470588239,64.47090909090915
2018-10-17,60.46375000000008,62.91923076923081,62.57190476190476,62.535588235294156,64.18672727272732
2018-10-18,59.77875000000008,62.271538461538505,62.429047619047616,62.35470588235298,63.87763636363641
2018-10-19,59.29500000000008,61.82461538461543,62.421428571428564,62.25264705882356,63.61036363636368
2018-10-22,59.50375000000008,61.4615384615385,62.540476190476184,62.16941176470591,63.397454545454586
2018-10-23,59.41375000000008,60.740769230769274,62.37238095238095,61.98411764705885,63.13200000000005
2018-10-24,58.923750000000084,59.843846153846194,62.107142857142854,61.76676470588239,62.843636363636406
2018-10-25,58.428750000000086,59.17615384615388,61.70666666666666,61.5138235294118,62.566909090909135
2018-10-26,57.84500000000009,58.479230769230796,61.223809523809514,61.29029411764709,62.319272727272775
2018-10-29,56.528750000000095,57.56076923076925,60.48476190476189,60.90500000000004,62.01381818181823
2018-10-30,55.215000000000096,56.6969230769231,59.583333333333314,60.45558823529415,61.70745454545458
2018-10-31,53.79750000000009,55.76923076923079,58.76666666666665,60.08058823529415,61.37418181818186
2018-11-01,52.19375000000009,55.068461538461555,57.93095238095237,59.784705882352974,61.10527272727277
2018-11-02,51.655000000000086,54.6623076923077,57.2795238095238,59.57647058823533,60.87490909090913
2018-11-05,51.087500000000084,54.07384615384616,56.50809523809523,59.32264705882356,60.61490909090913
2018-11-06,50.587500000000084,53.52000000000001,55.904285714285706,59.022647058823566,60.367454545454585
2018-11-07,50.11250000000008,52.828461538461546,55.29190476190475,58.75352941176474,60.10200000000005
2018-11-08,50.34000000000008,51.92153846153846,54.81,58.48029411764709,59.872181818181865
2018-11-09,50.65500000000008,51.30692307692308,54.39523809523809,58.14147058823533,59.669636363636414
2018-11-12,50.892500000000084,50.82692307692308,53.911428571428566,57.794117647058854,59.477636363636414
2018-11-13,51.092500000000086,50.55384615384616,53.55380952380952,57.4423529411765,59.28163636363641
2018-11-14,50.65250000000009,50.23615384615385,53.1347619047619,57.022647058823566,59.024181818181866
2018-11-15,50.50750000000009,50.368461538461546,52.715238095238085,56.61676470588238,58.78600000000005
2018-11-16,50.49375000000009,50.614615384615384,52.367142857142845,56.154117647058854,58.541272727272776
2018-11-19,50.64250000000009,50.886923076923075,51.99571428571428,55.7538235294118,58.336363636363686
2018-11-20,50.63250000000009,50.96076923076923,51.43047619047618,55.265882352941205,58.06909090909096
2018-11-21,50.77250000000009,50.76384615384615,51.103333333333325,54.788235294117676,57.82963636363642
2018-11-22,50.89000000000009,50.70538461538461,50.85095238095238,54.28941176470591,57.59890909090914
2018-11-23,50.73625000000009,50.645384615384614,50.62333333333333,53.89352941176474,57.355636363636414
2018-11-26,50.72625000000009,50.613846153846154,50.42285714285714,53.50323529411768,57.14090909090914
2018-11-27,50.625000000000085,50.54384615384615,50.46619047619048,53.178823529411794,56.919272727272784
2018-11-28,50.56875000000009,50.56153846153846,50.597142857142856,52.92941176470591,56.6914545454546
2018-11-29,50.41125000000009,50.590769230769226,50.70571428571428,52.64176470588239,56.501090909090955
2018-11-30,50.633750000000084,50.678461538461534,50.836190476190474,52.45441176470592,56.368000000000045
2018-12-03,51.12875000000008,51.05692307692308,50.90285714285714,52.34029411764709,56.26472727272732
2018-12-04,51.62375000000008,51.392307692307696,51.05523809523809,52.20941176470591,56.16600000000005
2018-12-05,52.235000000000085,51.71692307692308,51.25095238095238,52.11852941176474,56.055272727272765
2018-12-06,52.59875000000008,51.81769230769232,51.37,51.92764705882356,55.93436363636368
2018-12-07,53.02625000000008,52.016923076923085,51.48952380952381,51.65470588235297,55.81109090909094
2018-12-10,53.28750000000008,52.109230769230784,51.599999999999994,51.48794117647062,55.64381818181821
2018-12-11,53.58625000000008,52.250000000000014,51.73190476190476,51.38588235294121,55.47945454545458
2018-12-12,53.68375000000008,52.492307692307705,51.82333333333333,51.33794117647062,55.296909090909125
2018-12-13,53.548750000000084,52.79384615384617,52.00619047619047,51.32941176470592,55.107272727272765
2018-12-14,53.303750000000086,53.04076923076924,52.12047619047619,51.450588235294155,54.900000000000034
2018-12-17,53.04250000000008,53.23923076923079,52.22190476190475,51.60735294117651,54.652727272727304
2018-12-18,53.03500000000008,53.43230769230772,52.28142857142856,51.748235294117684,54.42800000000003
2018-12-19,52.955000000000084,53.44538461538465,52.37428571428571,51.833823529411795,54.16181818181822
2018-12-20,52.89625000000009,53.196923076923106,52.409047619047605,51.78000000000003,53.87981818181822
2018-12-21,52.61875000000009,52.86230769230772,52.39047619047617,51.74617647058826,53.56436363636368
2018-12-24,52.342500000000086,52.55846153846157,52.43523809523808,51.750882352941204,53.336727272727316
2018-12-25,51.94875000000009,52.39384615384619,52.471904761904746,51.76147058823532,53.10945454545459
2018-12-26,51.626250000000084,52.1792307692308,52.50190476190475,51.75323529411767,52.920363636363675
2018-12-27,51.29250000000008,52.011538461538485,52.49761904761904,51.7573529411765,52.7645454545455
2018-12-28,51.03500000000008,51.86230769230771,52.51904761904761,51.78176470588238,52.594909090909134
2019-01-02,50.70750000000008,51.613846153846175,52.402380952380945,51.74323529411768,52.4345454545455
2019-01-03,50.34500000000008,51.22538461538464,52.110476190476184,51.70764705882356,52.252545454545505
2019-01-04,50.21250000000008,50.96000000000002,51.85285714285713,51.676764705882384,52.07327272727277
2019-01-07,50.00625000000008,50.69000000000002,51.58619047619046,51.63617647058827,51.91527272727277
2019-01-08,49.776250000000076,50.388461538461556,51.396666666666654,51.557647058823555,51.72490909090914
2019-01-09,49.728750000000076,50.19384615384617,51.24571428571427,51.540588235294145,51.49854545454551
2019-01-10,49.69250000000008,50.04000000000001,51.12809523809522,51.50323529411767,51.35054545454551
2019-01-11,49.66875000000008,50.046923076923086,51.02666666666664,51.49441176470591,51.24872727272733
2019-01-14,49.625000000000085,49.94153846153847,50.856190476190456,51.48176470588238,51.15400000000005
2019-01-15,50.126250000000084,50.10384615384616,50.80666666666665,51.56647058823532,51.12981818181823
2019-01-16,50.45875000000008,50.241538461538475,50.769047619047605,51.63764705882356,51.190363636363685
2019-01-17,50.78500000000008,50.37769230769232,50.72619047619045,51.68705882352944,51.27090909090914
2019-01-18,51.392500000000084,50.608461538461555,50.77095238095236,51.788529411764735,51.37509090909096
2019-01-21,52.13875000000009,51.074615384615406,50.934761904761885,51.89470588235297,51.490545454545504
2019-01-22,52.80750000000008,51.55538461538463,51.0942857142857,51.89823529411768,51.518181818181866
2019-01-23,53.35500000000008,51.980769230769255,51.307142857142836,51.901764705882385,51.578545454545505
2019-01-24,54.056250000000084,52.433846153846176,51.5090476190476,51.910294117647084,51.658545454545504
2019-01-25,54.34125000000009,52.91307692307695,51.71809523809522,51.97647058823532,51.74490909090914
2019-01-28,55.000000000000085,53.485384615384646,52.0542857142857,52.10205882352944,51.86818181818186
2019-01-29,55.83250000000008,54.15615384615388,52.45571428571426,52.2858823529412,52.024000000000036
2019-01-30,56.25750000000008,54.66307692307695,52.76047619047616,52.41705882352944,52.15545454545458
2019-01-31,56.79500000000008,55.4869230769231,53.25380952380949,52.62676470588238,52.32000000000004
2019-02-01,57.54125000000008,56.11846153846155,53.83571428571425,52.837647058823556,52.520181818181854
2019-02-11,58.74500000000008,57.08000000000001,54.55761904761901,53.18205882352944,52.7767272727273
2019-02-12,59.938750000000084,58.066923076923096,55.292857142857116,53.532941176470615,53.03236363636366
2019-02-13,61.29125000000008,59.0046153846154,56.10476190476187,53.91911764705885,53.29381818181821
2019-02-14,62.602500000000084,59.9246153846154,56.9585714285714,54.37205882352944,53.60927272727275
2019-02-15,63.580000000000084,60.78538461538463,57.746190476190456,54.799705882352974,53.88690909090912
2019-02-18,65.15375000000009,61.92384615384616,58.65952380952378,55.36647058823534,54.23018181818185
2019-02-19,66.32500000000009,63.03692307692308,59.61571428571427,55.91676470588239,54.58745454545458
2019-02-20,67.3037500000001,64.09538461538462,60.37952380952379,56.45058823529416,54.93145454545458
2019-02-21,67.7225000000001,64.90923076923076,61.13428571428569,56.969411764705924,55.263636363636394
2019-02-22,68.1912500000001,65.67230769230768,61.923809523809496,57.509117647058865,55.5956363636364
2019-02-25,68.8400000000001,66.7476923076923,62.75142857142854,58.10852941176474,55.974363636363684
2019-02-26,68.96000000000011,67.41076923076922,63.36666666666664,58.666764705882386,56.27490909090914
2019-02-27,69.4175000000001,68.09384615384616,64.07380952380949,59.2873529411765,56.547090909090954
2019-02-28,69.6212500000001,68.61692307692307,64.85619047619045,59.93323529411768,56.84800000000005
2019-03-01,70.4000000000001,69.47461538461538,65.84190476190473,60.71529411764709,57.229636363636416
2019-03-04,71.4300000000001,70.33461538461538,66.88952380952378,61.54558823529415,57.670545454545504
2019-03-05,72.64500000000011,71.08923076923075,67.85619047619045,62.361470588235335,58.117272727272784
2019-03-06,73.70625000000011,71.90384615384615,68.73285714285711,63.15941176470591,58.565636363636415
2019-03-07,74.04500000000012,72.21923076923076,69.52761904761903,63.844117647058845,58.95018181818186
2019-03-08,74.36000000000013,72.35538461538461,70.05809523809522,64.48676470588236,59.282363636363684
2019-03-11,75.10250000000013,72.89307692307692,70.7638095238095,65.16411764705884,59.68218181818186
2019-03-12,75.57750000000013,73.45076923076923,71.2685714285714,65.84352941176473,60.08781818181823
2019-03-13,75.65250000000013,74.06615384615384,71.82809523809522,66.56647058823533,60.51836363636368
2019-03-14,75.64000000000013,74.51923076923076,72.35571428571427,67.2508823529412,60.9585454545455
2019-03-15,75.76625000000013,75.2776923076923,72.87095238095236,67.92088235294122,61.435272727272775
2019-03-18,76.97500000000012,76.55461538461537,73.83571428571426,68.8458823529412,62.06800000000005
2019-03-19,78.47875000000012,77.66999999999999,74.60380952380949,69.75558823529414,62.71163636363641
2019-03-20,80.26125000000013,78.42384615384616,75.36714285714282,70.65264705882356,63.34327272727277
2019-03-21,81.37375000000013,79.0123076923077,76.1238095238095,71.52470588235298,63.96218181818186
2019-03-22,82.71750000000013,79.64923076923077,76.98095238095236,72.3652941176471,64.61018181818187
2019-03-25,83.50625000000014,80.09692307692308,77.66238095238093,73.07794117647063,65.20400000000005
2019-03-26,84.42125000000014,80.90461538461538,78.29142857142854,73.87764705882356,65.81472727272731
2019-03-27,85.57125000000015,82.17692307692307,79.19904761904759,74.69176470588238,66.50636363636367
2019-03-28,86.02625000000015,83.27692307692307,80.16285714285712,75.54823529411769,67.25800000000004
2019-03-29,87.15125000000015,84.79230769230769,81.28190476190473,76.43941176470592,68.08454545454549
2019-04-01,88.51000000000013,86.33615384615383,82.26619047619045,77.3752941176471,68.94381818181823
2019-04-02,89.90500000000014,87.79076923076921,83.16190476190472,78.2573529411765,69.79909090909095
2019-04-03,91.07375000000015,89.06923076923076,84.00142857142853,79.06441176470592,70.62400000000004
2019-04-04,93.25125000000014,90.1130769230769,85.1080952380952,80.05941176470593,71.53981818181822
2019-04-08,95.44250000000014,91.34384615384614,86.44285714285711,81.00441176470592,72.47272727272731
2019-04-09,98.19750000000013,93.21461538461537,88.27999999999996,82.19117647058827,73.57145454545459
2019-04-10,100.28500000000014,94.91461538461536,89.75619047619044,83.30852941176474,74.55381818181823
2019-04-11,100.88500000000013,95.97230769230767,90.92285714285711,84.2423529411765,75.41927272727278
2019-04-12,101.26625000000014,97.2653846153846,92.02380952380948,85.15764705882356,76.2865454545455
2019-04-15,101.83375000000014,98.50615384615382,93.14047619047614,86.02058823529414,77.13600000000005
2019-04-16,102.68500000000014,99.6007692307692,94.25619047619043,86.99970588235296,77.97618181818187
2019-04-17,103.10875000000014,100.62538461538459,95.06380952380947,87.98676470588236,78.8563636363637
2019-04-18,103.15125000000015,101.18999999999997,95.8419047619047,88.89382352941179,79.71581818181825
2019-04-19,102.10625000000014,101.58153846153844,96.6019047619047,89.65147058823531,80.56054545454552
2019-04-22,101.37250000000014,101.97153846153843,97.37476190476184,90.35382352941178,81.39472727272734
2019-04-23,101.93625000000014,102.65692307692304,98.24428571428565,91.1344117647059,82.24636363636371
2019-04-24,102.42125000000014,102.9084615384615,99.22952380952376,91.91411764705884,83.06309090909097
2019-04-25,102.42125000000014,102.80076923076919,99.997619047619,92.6973529411765,83.85072727272735
2019-04-26,102.42875000000014,102.20461538461534,100.67809523809518,93.60411764705884,84.61381818181827
2019-04-29,102.26250000000013,101.84230769230764,101.24904761904757,94.3773529411765,85.3612727272728
2019-04-30,102.26500000000013,102.03923076923071,101.59952380952377,95.17323529411767,86.04600000000008
2019-05-06,101.07250000000013,101.46230769230763,101.38761904761903,95.63264705882355,86.54363636363644
2019-05-07,100.42625000000014,101.10538461538457,101.38285714285712,96.18588235294119,87.08709090909099
2019-05-08,99.37250000000013,100.6184615384615,101.40571428571427,96.68882352941178,87.59472727272735
2019-05-09,97.91125000000014,99.70999999999997,101.00476190476188,96.84029411764708,88.05672727272737
2019-05-10,97.73625000000014,99.46846153846151,100.87142857142854,97.22852941176473,88.5900000000001
2019-05-13,97.90250000000015,99.61769230769227,100.56571428571425,97.75500000000001,89.20690909090919
2019-05-14,97.92625000000015,99.72153846153843,100.35047619047616,98.27205882352942,89.81545454545463
2019-05-15,98.86875000000015,100.15153846153845,100.83142857142853,98.97352941176472,90.57636363636371
2019-05-16,101.10125000000015,100.64999999999999,101.32476190476187,99.77264705882354,91.33054545454553
2019-05-17,102.41375000000015,101.10076923076923,101.60380952380949,100.4194117647059,91.97054545454553
2019-05-20,103.42875000000015,101.23384615384614,101.68904761904759,100.89058823529413,92.6083636363637
2019-05-21,104.97750000000016,101.38076923076923,101.71666666666663,101.2994117647059,93.22909090909097
2019-05-22,105.49125000000015,101.45384615384616,101.76285714285711,101.54382352941177,93.8074545454546
2019-05-23,105.02000000000015,102.0469230769231,101.67571428571426,101.63970588235294,94.24254545454552
2019-05-24,104.83750000000015,102.43615384615386,101.67047619047617,101.78558823529411,94.67472727272735
2019-05-27,103.85000000000015,102.90692307692308,101.56047619047617,101.97970588235295,95.1152727272728
2019-05-28,102.99000000000015,103.77538461538461,101.54142857142854,102.06411764705882,95.59000000000007
2019-05-29,102.75125000000014,104.18692307692307,101.7295238095238,102.13911764705882,96.14600000000007
2019-05-30,102.64250000000014,104.15076923076923,101.77047619047619,101.9364705882353,96.72218181818191
2019-05-31,102.27375000000013,104.05615384615385,101.72095238095237,101.76735294117647,97.18127272727281
2019-06-03,102.04250000000013,103.40692307692308,101.67809523809522,101.81617647058823,97.65690909090918
2019-06-04,101.96250000000012,102.57692307692308,102.0147619047619,101.80352941176471,98.06945454545462
2019-06-05,101.71625000000012,102.00692307692307,102.16190476190476,101.7579411764706,98.46763636363644
2019-06-06,101.12750000000011,101.49076923076922,102.22904761904762,101.61323529411766,98.8041818181819
2019-06-10,100.7950000000001,101.20153846153845,102.64,101.51970588235295,99.05472727272736
2019-06-11,101.34500000000011,101.63538461538461,103.10428571428572,101.71411764705883,99.47200000000008
2019-06-12,101.90500000000011,102.23384615384614,103.2952380952381,101.88911764705884,99.87036363636372
2019-06-13,102.59875000000011,102.67846153846153,103.5009523809524,102.0558823529412,100.26854545454555
2019-06-14,103.03625000000011,102.90615384615384,103.26571428571431,102.07500000000002,100.61236363636372
2019-06-17,103.60000000000011,102.9523076923077,102.96666666666667,102.08088235294119,100.99218181818189
2019-06-18,104.22875000000012,102.91615384615385,102.85333333333334,102.18323529411767,101.34872727272734
2019-06-19,105.30500000000012,103.12923076923079,102.94380952380953,102.29000000000002,101.67454545454552
2019-06-20,106.87125000000012,104.03076923076925,103.36142857142858,102.60411764705884,102.08672727272734
2019-06-21,107.37500000000011,104.9169230769231,103.82190476190478,102.9164705882353,102.41363636363643
2019-06-24,108.30625000000012,106.13769230769232,104.54714285714287,103.59117647058825,102.74981818181826
2019-06-25,109.31875000000012,107.3569230769231,105.20809523809525,104.14823529411765,103.0923636363637
2019-06-26,110.42625000000012,108.62846153846156,105.77095238095241,104.67588235294119,103.4272727272728
2019-06-27,112.12625000000011,109.92538461538463,106.4471428571429,105.42558823529414,103.73763636363644
2019-06-28,113.86000000000011,110.61769230769232,107.08523809523811,105.97705882352943,104.02763636363643
2019-07-01,116.37250000000012,112.03230769230771,108.17428571428573,106.6358823529412,104.31818181818188
2019-07-02,118.25125000000011,113.66307692307694,109.44809523809525,107.38647058823531,104.70000000000006
2019-07-03,119.6175000000001,115.12076923076926,110.51714285714286,107.79852941176472,105.13836363636369
2019-07-04,120.6212500000001,116.61230769230771,111.6552380952381,108.18411764705884,105.56509090909097
2019-07-05,122.4850000000001,118.59153846153848,113.12,108.8708823529412,106.09618181818189
2019-07-08,124.1362500000001,120.2169230769231,114.53619047619048,109.54823529411767,106.5474545454546
2019-07-09,125.22375000000011,121.21923076923078,115.75333333333334,110.18941176470591,106.9543636363637
2019-07-10,126.28375000000011,122.25384615384617,116.58571428571429,110.8694117647059,107.3923636363637
2019-07-11,125.97125000000011,122.90307692307694,117.34238095238095,111.56558823529414,107.78945454545462
2019-07-12,125.66875000000012,123.72461538461539,118.23666666666665,112.28794117647061,108.23400000000007
2019-07-15,125.81625000000012,124.59153846153846,119.1952380952381,112.96705882352944,108.61181818181824
2019-07-16,125.87750000000013,125.07461538461538,120.14190476190477,113.56941176470592,108.97690909090915
2019-07-17,125.10125000000012,125.50923076923075,121.07142857142857,114.12970588235297,109.39509090909097
2019-07-18,124.34750000000012,125.12461538461538,121.79047619047618,114.65529411764707,109.73563636363642
2019-07-19,123.86500000000012,124.67384615384616,122.22714285714285,115.26970588235295,110.0965454545455
2019-07-22,123.49250000000012,124.63846153846154,122.72571428571428,115.9164705882353,110.48000000000006
2019-07-23,123.06125000000011,124.40461538461538,122.96333333333334,116.53000000000002,110.98781818181824
2019-07-24,122.30125000000011,123.61153846153846,123.18238095238095,117.1314705882353,111.41581818181825
2019-07-25,121.87500000000011,123.20000000000002,123.55666666666664,117.84882352941177,111.88490909090916
2019-07-26,121.58375000000011,122.83461538461539,123.74476190476187,118.46088235294118,112.42018181818187
2019-07-29,121.6025000000001,122.62846153846155,124.02095238095237,118.89617647058824,112.86654545454552
2019-07-30,121.8400000000001,122.58230769230771,123.87333333333332,119.34588235294119,113.2174545454546
2019-07-31,121.66125000000011,122.20769230769233,123.52619047619046,119.755,113.54890909090915
2019-08-01,121.1087500000001,121.74153846153848,123.29380952380953,120.16882352941177,113.71490909090915
2019-08-02,120.8675000000001,121.32153846153848,123.05714285714285,120.59294117647062,113.86290909090916
2019-08-05,120.54875000000011,120.81000000000003,122.44476190476189,120.97147058823532,114.05363636363643
2019-08-06,120.49875000000011,120.83153846153849,122.17095238095237,121.42382352941179,114.36781818181824
2019-08-07,120.20250000000011,120.58076923076925,121.83190476190475,121.59764705882355,114.63472727272733
2019-08-08,119.79875000000011,120.35538461538462,121.55047619047619,121.8194117647059,114.94763636363643
2019-08-09,119.18875000000011,120.19923076923078,121.2895238095238,121.90647058823531,115.27836363636371
2019-08-12,119.45500000000011,120.45615384615385,121.15904761904763,122.14,115.67509090909098
2019-08-13,119.86375000000011,120.50384615384615,121.02619047619048,122.38941176470587,116.04418181818188
2019-08-14,120.83000000000011,120.8576923076923,121.13428571428572,122.64088235294118,116.45781818181825
2019-08-15,121.95875000000011,121.02923076923076,121.24761904761905,122.87705882352941,116.84745454545461
2019-08-16,122.5862500000001,121.29076923076921,121.50000000000003,122.88588235294117,117.26872727272733
2019-08-19,123.7137500000001,121.84384615384614,121.77428571428575,122.88294117647058,117.75327272727279
2019-08-20,124.84750000000011,122.65615384615383,122.06666666666672,123.05,118.26472727272733
2019-08-21,126.07625000000012,123.40461538461537,122.43809523809527,123.19,118.78581818181826
2019-08-22,127.03375000000011,124.44692307692306,122.96190476190479,123.21029411764705,119.35763636363643
2019-08-23,128.0087500000001,125.12538461538459,123.36285714285718,123.3005882352941,119.9541818181819
2019-08-26,128.2050000000001,125.78230769230767,123.65666666666671,123.34235294117646,120.44472727272736
2019-08-27,129.0050000000001,126.69461538461536,124.06761904761909,123.51735294117645,120.87072727272736
2019-08-28,129.95750000000012,127.91769230769229,124.59238095238099,123.82382352941174,121.349090909091
2019-08-29,131.09500000000014,129.00692307692307,125.36809523809528,124.15970588235292,121.89818181818191
2019-08-30,132.58375000000012,130.48384615384614,126.43809523809527,124.64235294117645,122.56254545454554
2019-09-02,134.33875000000012,131.7176923076923,127.57000000000004,125.18088235294117,123.25690909090919
2019-09-03,135.71375000000012,132.91153846153844,128.73904761904765,125.70735294117645,123.93727272727283
2019-09-04,136.74000000000012,133.8353846153846,129.55000000000004,126.21647058823528,124.52654545454557
2019-09-05,138.17500000000013,134.68153846153845,130.50333333333336,126.70941176470585,124.9980000000001
2019-09-06,139.12875000000014,135.4830769230769,131.4314285714286,127.19647058823527,125.48945454545466
2019-09-09,139.78875000000014,136.35615384615386,132.44,127.75970588235292,125.92836363636374
2019-09-10,139.82000000000014,136.87538461538463,133.1261904761905,128.28176470588232,126.33472727272739
2019-09-11,138.29000000000013,136.81076923076924,133.45761904761903,128.5047058823529,126.61545454545467
2019-09-12,136.99750000000014,137.12846153846155,133.7290476190476,128.8076470588235,126.87454545454558
2019-09-16,135.67500000000015,137.01615384615386,133.96428571428572,129.0185294117647,127.11036363636376
2019-09-17,134.82875000000016,136.83307692307693,134.21380952380952,129.2726470588235,127.21109090909104
2019-09-18,134.41125000000017,136.72230769230768,134.57857142857142,129.7094117647059,127.34854545454559
2019-09-19,133.77500000000018,136.21615384615384,134.83238095238093,130.17676470588236,127.5487272727274
2019-09-20,133.48000000000016,135.8276923076923,135.26047619047617,130.7273529411765,127.7987272727274
