date,close,volume,amount
2017-01-03,34.6600,15534740,537407600.0000
2017-01-04,35.9000,46053667,1637950784.0000
2017-01-05,35.9300,25815923,927811504.0000
2017-01-06,36.1000,33652039,1220341984.0000
2017-01-09,36.4500,26692245,974179040.0000
2017-01-10,36.5000,22885904,840655872.0000
2017-01-11,35.8600,22294346,802004096.0000
2017-01-12,35.6000,15825878,564764864.0000
2017-01-13,35.6900,15631495,557529856.0000
2017-01-16,35.4500,19198129,679701408.0000
2017-01-17,35.7600,17756018,635715024.0000
2017-01-18,36.9500,44741831,1642819008.0000
2017-01-19,36.8500,19015209,699761872.0000
2017-01-20,36.9100,16535872,608985856.0000
2017-01-23,37.3800,39390729,1481709280.0000
2017-01-24,37.4200,19021290,711031408.0000
2017-01-25,37.2700,18676334,696743616.0000
2017-01-26,37.0000,14243808,529488016.0000
2017-02-03,36.4100,14552029,533432448.0000
2017-02-06,36.4500,13931545,509472928.0000
2017-02-07,36.4500,12108227,442424464.0000
2017-02-08,37.0900,19983088,737094272.0000
2017-02-09,37.3400,22521013,845962352.0000
2017-02-10,37.8300,28284154,1071008768.0000
2017-02-13,38.5800,39356687,1521216048.0000
2017-02-14,38.6600,16832098,650070240.0000
2017-02-15,38.4000,14712002,567692944.0000
2017-02-16,38.4600,12140073,466093472.0000
2017-02-17,38.9500,24153708,944939376.0000
2017-02-20,41.4000,47690952,1928243168.0000
2017-02-21,40.8600,24245020,990510352.0000
2017-02-22,41.2800,29154767,1200108160.0000
2017-02-23,40.4800,21183618,867247808.0000
2017-02-24,40.2900,16424697,658625168.0000
2017-02-27,39.3900,21824501,865270112.0000
2017-02-28,39.5600,12119871,479096768.0000
2017-03-01,39.9800,17462272,698692368.0000
2017-03-02,39.9600,11794003,471215072.0000
2017-03-03,39.9900,14442974,575641088.0000
2017-03-06,40.5500,25414126,1021344432.0000
2017-03-07,41.6500,29548334,1223950992.0000
2017-03-08,41.1200,14142243,583027616.0000
2017-03-09,40.6700,15050345,611016528.0000
2017-03-10,40.6600,19700636,809491056.0000
2017-03-13,41.6500,28798339,1193460528.0000
2017-03-14,41.3800,14474419,599761216.0000
2017-03-15,41.5400,12508655,520984512.0000
2017-03-16,41.0400,38411034,1582220992.0000
2017-03-17,40.7600,20112247,826003824.0000
2017-03-20,41.0900,17475558,714047424.0000
2017-03-21,43.3800,69607524,2965555520.0000
2017-03-22,43.9600,38144701,1657889536.0000
2017-03-23,43.5600,22565460,981649104.0000
2017-03-24,43.2400,27192730,1189363312.0000
2017-03-27,42.5500,26857955,1145045680.0000
2017-03-28,42.7700,16534690,702047888.0000
2017-03-29,43.1000,22193805,958273552.0000
2017-03-30,42.7300,20190945,863705792.0000
2017-03-31,43.0000,21676956,922910208.0000
2017-04-05,43.1200,24151169,1045988816.0000
2017-04-06,42.9500,16809411,719573184.0000
2017-04-07,42.6900,13812967,591485232.0000
2017-04-10,41.6600,26067613,1089896096.0000
2017-04-11,40.9500,32670966,1330882720.0000
2017-04-12,42.0500,31026351,1293259392.0000
2017-04-13,42.8100,20772770,884497040.0000
2017-04-14,42.3500,15750860,668378384.0000
2017-04-17,42.9600,20397529,876210032.0000
2017-04-18,43.8800,30494053,1341270944.0000
2017-04-19,44.0000,21411693,946000256.0000
2017-04-20,45.6500,35490588,1606555760.0000
2017-04-21,45.6500,24663720,1123511808.0000
2017-04-24,44.3100,20766359,927467920.0000
2017-04-25,46.6000,34054132,1559251120.0000
2017-04-26,45.7000,37061654,1730845440.0000
2017-04-27,46.0000,18762562,855252048.0000
2017-04-28,45.5000,34678260,1564756128.0000
2017-05-02,44.6000,20882591,931011024.0000
2017-05-03,44.9200,15116828,678377712.0000
2017-05-04,44.3800,13934135,620702768.0000
2017-05-05,44.1600,20494350,907381536.0000
2017-05-08,42.6200,24311886,1051463504.0000
2017-05-09,43.6700,24781465,1059664448.0000
2017-05-10,43.4900,17560711,771388256.0000
2017-05-11,44.3300,18203050,801570640.0000
2017-05-12,44.2500,19609509,857684480.0000
2017-05-15,45.1800,19195201,864066336.0000
2017-05-16,47.6000,41133154,1921926704.0000
2017-05-17,46.3600,23139738,1085062000.0000
2017-05-18,46.5000,16015098,749478832.0000
2017-05-19,47.0800,15786409,741788832.0000
2017-05-22,47.1300,14387799,676005984.0000
2017-05-23,48.2600,27114211,1306270912.0000
2017-05-24,47.9500,23805410,1135073568.0000
2017-05-25,47.7300,15637031,745554304.0000
2017-05-26,47.5600,19259404,915014608.0000
2017-05-31,47.8800,21149466,995050752.0000
2017-06-01,48.3400,19566050,940552880.0000
2017-06-02,47.9600,16731047,803138176.0000
2017-06-05,47.0900,17161751,815019856.0000
2017-06-06,48.5100,18703696,894954704.0000
2017-06-07,50.9000,36078651,1808407552.0000
2017-06-08,51.4000,30019781,1551306752.0000
2017-06-09,52.1700,22421062,1168904576.0000
2017-06-12,54.8300,39041905,2117491120.0000
2017-06-13,54.6900,25482824,1379771824.0000
2017-06-14,53.7000,30678796,1654983376.0000
2017-06-15,52.2100,39471071,2070609984.0000
2017-06-16,52.0200,24033423,1257006032.0000
2017-06-19,52.5700,37036876,1944706368.0000
2017-06-20,52.2000,34893202,1821526656.0000
2017-06-21,54.6100,45263456,2391227504.0000
2017-06-22,54.1500,46808450,2552510960.0000
2017-06-23,55.0000,35085488,1911711344.0000
2017-06-26,56.7400,37038461,2089209008.0000
2017-06-27,57.1600,31307389,1771439280.0000
2017-06-28,55.6400,27582268,1548727184.0000
2017-06-29,55.4200,25571255,1412990960.0000
2017-06-30,55.6600,20075326,1116508448.0000
2017-07-03,54.0300,33166228,1801733696.0000
2017-07-04,52.5500,39001962,2053979952.0000
2017-07-05,53.4200,30327331,1610599792.0000
2017-07-06,52.9900,31370657,1652540272.0000
2017-07-07,51.8000,30890584,1602293280.0000
2017-07-10,52.7900,40733979,2112491488.0000
2017-07-11,53.6900,34226179,1836879536.0000
2017-07-12,52.1800,27722977,1463246496.0000
2017-07-13,52.1800,23843309,1247064512.0000
2017-07-14,52.5400,20202809,1053780928.0000
2017-07-17,51.5100,29468000,1522315232.0000
2017-07-18,52.5900,23913165,1241870976.0000
2017-07-19,53.7100,29949235,1606216272.0000
2017-07-20,54.8100,28370871,1543500736.0000
2017-07-21,54.7100,24618552,1356818608.0000
2017-07-24,55.9100,27426965,1538206928.0000
2017-07-25,55.3600,16795869,937380816.0000
2017-07-26,54.0100,23526651,1278858208.0000
2017-07-27,53.7500,20862244,1119273072.0000
2017-07-28,55.7300,33678614,1853866704.0000
2017-07-31,55.7600,42299998,2389011776.0000
2017-08-01,56.5800,22920903,1280407952.0000
2017-08-02,55.7100,18480330,1033391152.0000
2017-08-03,54.5000,26313309,1435945792.0000
2017-08-04,54.0900,19489802,1058514384.0000
2017-08-07,56.0000,27072133,1486094208.0000
2017-08-08,55.8100,16623396,928832800.0000
2017-08-09,56.6400,41440425,2363696496.0000
2017-08-10,57.6000,41624727,2411510928.0000
2017-08-11,56.0000,28591698,1621909264.0000
2017-08-14,57.3800,30578175,1744486768.0000
2017-08-15,57.5000,17083084,982197088.0000
2017-08-16,56.8500,17247809,978751024.0000
2017-08-17,55.8100,23442083,1310465296.0000
2017-08-18,55.8100,12938447,721783200.0000
2017-08-21,55.5100,17854200,988854256.0000
2017-08-22,54.0800,39643883,2137185344.0000
2017-08-23,54.7900,21013867,1142768128.0000
2017-08-24,54.0600,15314069,831710784.0000
2017-08-25,54.1000,23102937,1246281024.0000
2017-08-28,55.4300,43888728,2443203584.0000
2017-08-29,55.1900,23125750,1280576592.0000
2017-08-30,56.2500,26056361,1456970288.0000
2017-08-31,55.4900,19022089,1058224256.0000
2017-09-01,55.5000,17744894,984771104.0000
2017-09-04,54.2100,29862143,1626579376.0000
2017-09-05,54.2700,15102485,821048720.0000
2017-09-06,53.8300,18834495,1017715808.0000
2017-09-07,53.1500,22573441,1199532208.0000
2017-09-08,51.8500,34400992,1791448832.0000
2017-09-11,52.8700,40671465,2115022848.0000
2017-09-12,53.6000,24861153,1326135364.9500
2017-09-13,54.9600,36445778,1994782765.7300
2017-09-14,54.8000,21513204,1182285369.0300
2017-09-15,54.9300,19711872,1087867330.4200
2017-09-18,56.4200,28720032,1615316019.5800
2017-09-19,56.4700,22188037,1257913122.7000
2017-09-20,56.5200,18529984,1053741519.6800
2017-09-21,55.7200,16426705,916675909.3500
2017-09-22,56.0800,14385003,805162848.0800
2017-09-25,57.4200,24614433,1405390390.4900
2017-09-26,56.8900,14299463,813898614.4400
2017-09-27,56.7000,15862601,896422632.1500
2017-09-28,57.4500,29043719,1670672617.7700
2017-09-29,57.2800,21716197,1253717250.2500
2017-10-09,58.5400,21684904,1268405187.0300
2017-10-10,59.1800,21535488,1266543955.2200
2017-10-11,61.1800,31321043,1902171753.1200
2017-10-12,60.8100,17600466,1073412431.3500
2017-10-13,61.6200,16202388,995669000.1500
2017-10-16,59.6500,27003278,1635212067.8500
2017-10-17,60.1000,14629264,874178783.7000
2017-10-18,61.3500,17653550,1062478441.8500
2017-10-19,63.0000,27871861,1744925529.2300
2017-10-20,62.5100,15181979,944325935.6400
2017-10-23,62.6000,13649799,852603486.1100
2017-10-24,63.5900,24862604,1565469643.4300
2017-10-25,63.0200,15740970,992966250.4500
2017-10-26,65.0600,41403157,2719287566.9800
2017-10-27,67.9900,42370988,2810914635.7800
2017-10-30,67.0000,33666677,2253930547.7300
2017-10-31,66.6200,20553558,1359946393.5300
2017-11-01,67.0200,21530441,1451488588.6100
2017-11-02,67.6200,26806185,1806405545.1300
2017-11-03,68.3300,24052556,1646990653.0800
2017-11-06,70.1500,24885613,1729483360.0000
2017-11-07,71.0000,30055123,2142109700.2500
2017-11-08,70.4700,24631356,1753224798.2100
2017-11-09,71.1500,24410575,1708667357.7700
2017-11-10,74.6000,31606294,2308173163.2500
2017-11-13,74.4400,25587296,1900429833.6700
2017-11-14,72.1900,29481615,2149759055.1300
2017-11-15,74.8000,33050579,2431549950.1700
2017-11-16,76.2000,34445747,2623626479.0900
2017-11-17,74.8600,47033596,3470762410.2800
2017-11-20,72.9300,32310208,2340210119.0800
2017-11-21,73.9500,30819765,2260040646.4300
2017-11-22,71.9000,39523966,2893486158.9900
2017-11-23,67.5700,48586164,3355596069.4700
2017-11-24,68.4600,46733707,3112090306.7500
2017-11-27,67.5900,28097804,1894106970.5500
2017-11-28,68.6800,24691262,1695244302.7900
2017-11-29,66.2200,25854241,1729488491.0000
2017-11-30,65.6000,21744143,1434527244.0100
2017-12-01,65.3000,21172961,1391760655.2500
2017-12-04,67.9500,40686245,2731108233.4700
2017-12-05,68.3200,34202592,2347062277.6600
2017-12-06,68.3200,23902258,1632767000.8200
2017-12-07,65.9600,23199000,1552376752.8700
2017-12-08,67.9000,25699212,1724479607.6800
2017-12-11,71.9000,47997786,3394742894.6200
2017-12-12,71.8600,27824509,2006321820.5100
2017-12-13,74.1500,29951504,2187299101.1300
2017-12-14,74.6900,20967313,1557985222.6900
2017-12-15,72.9500,23098142,1707969810.7500
2017-12-18,77.0800,50553294,3859030907.9900
2017-12-19,78.4200,37955663,2975094453.5200
2017-12-20,81.6000,34102959,2747943741.0700
2017-12-21,82.1500,37939547,3094053165.3000
2017-12-22,80.5800,35180174,2841150644.7000
2017-12-25,80.5600,35763142,2855501619.6700
2017-12-26,79.4700,23816621,1891876217.8400
2017-12-27,77.9000,26333042,2072640193.2000
2017-12-28,80.8600,52670572,4229394767.8800
2017-12-29,79.8800,42744727,3411580328.0700
2018-01-02,80.5800,31525233,2515564441.9700
2018-01-03,80.9000,28461426,2303523783.8500
2018-01-04,82.9900,36057706,2979263417.8400
2018-01-05,82.6800,23195809,1913069874.1700
2018-01-08,82.2000,28681834,2367460141.7700
2018-01-09,86.1000,38836460,3297220843.5000
2018-01-10,88.9000,34245866,2978674635.8100
2018-01-11,87.9600,25477862,2249762450.1200
2018-01-12,91.3700,32092356,2870276321.0900
2018-01-15,91.7500,37964408,3482483788.0600
2018-01-16,90.8200,36615522,3335555956.4400
2018-01-17,86.0100,49610896,4346534429.9400
2018-01-18,86.4000,42970090,3712081698.1300
2018-01-19,85.1700,38200365,3259552587.2400
2018-01-22,90.4200,44582353,3918907687.4700
2018-01-23,89.7100,38468166,3439974330.3200
2018-01-24,87.3500,34969575,3063373440.4500
2018-01-25,86.0000,42112892,3604252895.6200
2018-01-26,86.8400,31205375,2700119273.4800
2018-01-29,82.0800,59138327,4943911228.1800
2018-01-30,81.4000,37462177,3052119414.1200
2018-01-31,84.3800,41788143,3505918466.7700
2018-02-01,82.9800,44568953,3673372380.6800
2018-02-02,82.2800,34858228,2863027755.1500
2018-02-05,77.8700,71330226,5572736828.7800
2018-02-06,76.4400,54196919,4133274384.7400
2018-02-07,71.0200,70381493,5213875293.3300
2018-02-08,72.0200,54490699,3947815137.9800
2018-02-09,71.2000,58892094,4118273897.7900
2018-02-12,74.4000,44602248,3294954327.3300
2018-02-13,75.1000,28384041,2154585818.6500
2018-02-14,76.6000,20804303,1574485186.4300
2018-02-22,80.1000,29097829,2293498101.0100
2018-02-23,79.6400,18911704,1508538665.2600
2018-02-26,78.5200,32026964,2511465945.1800
2018-02-27,76.1000,29074902,2243446084.4500
2018-02-28,74.2800,33010190,2444849428.2400
2018-03-01,74.3200,25464928,1898957362.6800
2018-03-02,73.4200,24660697,1813429720.1000
2018-03-05,72.0900,21115132,1534679284.8700
2018-03-06,73.2400,40694235,2914565018.5300
2018-03-07,73.2800,28376080,2102488980.1800
2018-03-08,76.9000,39520411,2984000307.4400
2018-03-09,77.1000,24552854,1894214324.9800
2018-03-12,76.1500,24233436,1848556888.6600
2018-03-13,74.6100,23113760,1744599434.1100
2018-03-14,75.5500,24022456,1789564265.2100
2018-03-15,78.0000,37340376,2897589116.1200
2018-03-16,76.8700,20518937,1593762700.5600
2018-03-19,77.7100,21019573,1624137665.1100
2018-03-20,75.6500,23932435,1808025014.7400
2018-03-21,74.5200,24310066,1827536926.5100
2018-03-22,72.1300,32849545,2389981815.5600
2018-03-23,71.3700,32138345,2262435107.3100
2018-03-26,69.9900,27866806,1950578700.2200
2018-03-27,68.4700,54114758,3725130510.6800
2018-03-28,64.7400,66248850,4362252821.6700
2018-03-29,67.5000,52291220,3444044172.1400
2018-03-30,66.3600,31431119,2098175069.3200
2018-04-02,66.4300,33105740,2200519197.3900
2018-04-03,67.1200,39623208,2653203066.9100
2018-04-04,69.9000,50076876,3482435492.9900
2018-04-09,69.7500,24102141,1678408756.9800
2018-04-10,70.3800,20743086,1447802101.4600
2018-04-11,70.3100,24083870,1704348557.0500
2018-04-12,69.2000,20716396,1442430066.2500
2018-04-13,67.9800,23659999,1625272506.4600
2018-04-16,67.9700,22397760,1522825990.7300
2018-04-17,67.0000,20055726,1363917820.4700
2018-04-18,66.3300,23950533,1589663456.8300
2018-04-19,70.3700,37086767,2556716433.5300
2018-04-20,69.6300,30706027,2154424575.9700
2018-04-23,69.6900,21469676,1492450926.6300
2018-04-24,72.4300,36973742,2660105985.5400
2018-04-25,72.3400,17474827,1262337931.2300
2018-04-26,69.1000,28351699,1975528198.9700
2018-04-27,67.9800,23621586,1607040276.0800
2018-05-02,71.2200,34830625,2442217861.8200
2018-05-03,73.8000,31984117,2323274726.0800
2018-05-04,72.9000,19882975,1455358587.9000
2018-05-07,76.0000,34444873,2594926610.9500
2018-05-08,76.0400,28532017,2172832592.8100
2018-05-09,76.2500,20926220,1578934106.2900
2018-05-10,77.9800,28304427,2198742268.5500
2018-05-11,77.0600,22238963,1735583565.7000
2018-05-14,78.3200,22892925,1786981011.2700
2018-05-15,79.3800,23369601,1833390827.9600
2018-05-16,79.1700,26135149,2081238266.8700
2018-05-17,77.0700,26873152,2084934603.5500
2018-05-18,77.5900,21657075,1665226221.3200
2018-05-21,77.1800,18679108,1449622080.1200
2018-05-22,77.6500,17287556,1334239417.6800
2018-05-23,76.4400,19462606,1500173188.4500
2018-05-24,74.0200,28880850,2171382488.0600
2018-05-25,74.3000,24733727,1846699438.4300
2018-05-28,77.4500,34950878,2667347200.3700
2018-05-29,76.3400,32925326,2564551156.1700
2018-05-30,76.8000,26765570,2045859932.0500
2018-05-31,78.9800,41529427,3266151334.1400
2018-06-01,78.6200,27637920,2173363366.4300
2018-06-04,81.8000,45702140,3680041020.1100
2018-06-05,82.8000,39510595,3248037847.4200
2018-06-06,82.1100,28119042,2319392687.7100
2018-06-07,80.8500,24022867,1959665574.8000
2018-06-08,80.3900,25687684,2056435707.5800
2018-06-11,82.4800,41789436,3435464323.4500
2018-06-12,86.0000,46043240,3903915961.3000
2018-06-13,85.4700,28697253,2460756755.8200
2018-06-14,84.4100,26587416,2237838346.1000
2018-06-15,83.2500,24069632,2003984497.3000
2018-06-19,79.8800,38042230,3073242295.5800
2018-06-20,82.0600,26342617,2137142810.4000
2018-06-21,80.8800,26582382,2178315930.4600
2018-06-22,80.1800,24893380,1986219735.6600
2018-06-25,82.1100,36660963,3029558089.2700
2018-06-26,81.4800,28982518,2351950446.4000
2018-06-27,76.5500,42271193,3309866061.7800
2018-06-28,73.6500,33243447,2471122707.5700
2018-06-29,76.0000,22957358,1724744132.6500
2018-07-02,74.2800,26221408,1981522179.8800
2018-07-03,72.3800,41705767,2994709213.5600
2018-07-04,70.7000,24826384,1776041016.4800
2018-07-05,70.8200,32858302,2334023503.8400
2018-07-06,70.6200,33176915,2334076324.9200
2018-07-09,73.5400,32110114,2323873970.3300
2018-07-10,73.3700,22014356,1607141813.4600
2018-07-11,72.0800,19172467,1377729665.0700
2018-07-12,73.9000,28313629,2086611498.3600
2018-07-13,75.7500,27565653,2068808408.9700
2018-07-16,75.4200,20407727,1542523507.5100
2018-07-17,74.0400,18954570,1401078112.1000
2018-07-18,73.3100,16659354,1231365687.3500
2018-07-19,73.3800,14456706,1060790202.3100
2018-07-20,73.4300,25061759,1822785335.7700
2018-07-23,72.1200,29899460,2150492051.3000
2018-07-24,75.0300,37924439,2798512515.0700
2018-07-25,75.0000,23553211,1766246342.7400
2018-07-26,74.1900,20307725,1516383849.0100
2018-07-27,74.1900,16394908,1219507575.4600
2018-07-30,72.6000,19872102,1444181932.9000
2018-07-31,72.1500,14953196,1080385795.2000
2018-08-01,70.0200,26091672,1850440407.2800
2018-08-02,67.9200,33533444,2275594234.9400
2018-08-03,65.6700,26407210,1755022499.8100
2018-08-06,64.3400,25704067,1665999742.6600
2018-08-07,66.4800,27734378,1814190299.4500
2018-08-08,64.4400,23681812,1544553324.2200
2018-08-09,66.3600,26399041,1737604804.4500
2018-08-10,66.0500,21283369,1409830870.6300
2018-08-13,64.4100,36552137,2343183704.6600
2018-08-14,65.1000,29433738,1910064580.2900
2018-08-15,63.3300,20711286,1320142860.3800
2018-08-16,61.1500,30805573,1913089768.1400
2018-08-17,60.6100,25993542,1592610464.3400
2018-08-20,62.0300,29124979,1771847023.7300
2018-08-21,64.3300,35539212,2262787702.2100
2018-08-22,63.6900,14773268,942536719.0500
2018-08-23,64.1500,17891810,1147044329.5200
2018-08-24,62.9600,18476928,1163742383.2700
2018-08-27,65.3100,34040126,2198875203.2100
2018-08-28,64.3000,39097678,2527105908.0400
2018-08-29,63.6800,24228564,1543978648.5800
2018-08-30,63.4000,18969237,1209290718.0700
2018-08-31,61.9000,24456055,1517434104.4400
2018-09-03,61.9700,20832453,1283847415.2400
2018-09-04,62.7700,19483865,1215148333.5500
2018-09-05,60.9000,21713048,1342662987.1800
2018-09-06,59.7100,31922195,1924316865.7700
2018-09-07,60.7700,22272604,1347995371.4500
2018-09-10,60.3800,19591916,1179507359.9700
2018-09-11,61.0000,20291936,1235001569.6500
2018-09-12,59.6500,19160779,1150744732.1200
2018-09-13,59.9800,20686536,1232442100.0700
2018-09-14,61.5300,29496029,1800648312.9800
2018-09-17,61.8600,23550859,1458775764.2300
2018-09-18,63.2100,26386124,1647393657.3700
2018-09-19,64.4400,41136431,2653606009.8500
2018-09-20,64.3900,16416571,1056728297.3800
2018-09-21,66.4200,33103004,2175628239.7000
2018-09-25,65.3000,19515014,1279057649.4500
2018-09-26,67.2000,43804128,2938975084.8700
2018-09-27,67.3700,21631563,1449181804.9100
2018-09-28,67.9500,23382849,1580316135.3300
2018-10-08,63.4800,37057018,2385119273.8900
2018-10-09,63.3600,21420464,1360554848.6800
2018-10-10,60.8100,41960588,2588361097.1900
2018-10-11,58.7200,45745039,2689059911.8200
2018-10-12,60.2100,37152679,2208288025.6100
2018-10-15,58.7600,25620023,1522091214.3700
2018-10-16,58.9700,15252793,900184446.0600
2018-10-17,59.4000,26241678,1546537894.6900
2018-10-18,58.0000,17730318,1035333837.2900
2018-10-19,59.4900,36896532,2151505919.5000
2018-10-22,62.4800,44553185,2750470637.5100
2018-10-23,58.0000,54243318,3220258361.5700
2018-10-24,56.2900,44049534,2476913916.1600
2018-10-25,54.8000,29030242,1583783392.7100
2018-10-26,54.3000,23160445,1261671861.2900
2018-10-29,48.8700,37955851,1867188641.7300
2018-10-30,47.4900,55024193,2611486807.6200
2018-10-31,48.1500,46199489,2224915887.3700
2018-11-01,49.6500,63904550,3185378779.8500
2018-11-02,53.6900,59391564,3096208024.5000
2018-11-05,51.7500,45764085,2369001862.5200
2018-11-06,50.8000,28332405,1431547618.1200
2018-11-07,50.5000,24085654,1226555649.7000
2018-11-08,50.6900,18200962,928122739.8200
2018-11-09,50.0100,14637808,733423985.3600
2018-11-12,50.0500,26182166,1301791732.0200
2018-11-13,51.2500,32615089,1651313768.2400
2018-11-14,50.1700,20628963,1040308055.1800
2018-11-15,50.5900,15193511,768330766.9000
2018-11-16,50.6900,19654868,998312549.9600
2018-11-19,51.6900,24718444,1271045173.7100
2018-11-20,50.6100,18098637,921741031.2800
2018-11-21,51.1300,18284843,931815890.5300
2018-11-22,50.9900,12411632,631537107.7000
2018-11-23,50.0200,13797926,693820133.8900
2018-11-26,50.0900,9509880,477612277.9200
2018-11-27,49.7800,10074605,502445554.2400
2018-11-28,50.2400,13733770,688851436.7200
2018-11-29,50.4300,24341460,1242372769.7800
2018-11-30,52.3900,39886604,2068637920.8100
2018-12-03,55.0900,46020824,2511545475.3900
2018-12-04,54.9500,21503516,1178732543.1000
2018-12-05,54.9100,28071491,1542561985.6200
2018-12-06,53.0000,29960836,1601536564.6500
2018-12-07,53.2000,14689412,782201158.0600
2018-12-10,52.3300,15876096,832455350.8500
2018-12-11,52.8200,11012014,578637435.6900
2018-12-12,53.1700,12163417,645047991.1700
2018-12-13,54.0100,23011367,1241031288.3000
2018-12-14,52.9900,17318616,922137672.6500
2018-12-17,52.8200,10384389,546825431.3700
2018-12-18,52.9400,10670645,561857538.2700
2018-12-19,52.5600,19096504,1019671419.5300
2018-12-20,51.8600,18203973,941847194.7000
2018-12-21,50.6000,19493928,988024605.1700
2018-12-24,50.9600,10492946,532943451.8900
2018-12-25,50.8600,12080036,608934763.7100
2018-12-26,50.4100,9119744,461720963.4500
2018-12-27,50.1500,13435416,683348924.4300
2018-12-28,50.8800,19068489,967588986.9700
2019-01-02,49.9400,23226724,1174716785.5800
2019-01-03,48.9600,27802962,1356928388.7400
2019-01-04,49.5400,24149801,1185479550.4900
2019-01-07,49.3100,23379693,1155244860.5100
2019-01-08,49.0200,16784439,824599215.6000
2019-01-09,50.0300,33078486,1658874318.2000
2019-01-10,49.8600,18637444,925758405.7300
2019-01-11,50.6900,24766779,1247223823.4400
2019-01-14,49.5900,21780059,1083865427.3500
2019-01-15,52.9700,50041349,2572947449.8100
2019-01-16,52.2000,33007796,1727407213.3500
2019-01-17,51.9200,23390986,1221557212.1300
2019-01-18,53.8800,52123534,2803566846.8300
2019-01-21,56.0000,54911173,3061837196.0300
2019-01-22,55.2100,33569156,1848120935.5300
2019-01-23,55.0700,20224228,1112986460.3900
2019-01-24,55.2000,19359761,1067519359.5500
2019-01-25,55.2500,24174003,1341239754.3700
2019-01-28,57.4700,59237546,3412999036.5800
2019-01-29,58.5800,31713216,1837922041.3000
2019-01-30,57.2800,28680178,1664437445.7400
2019-01-31,60.3000,52732368,3103402259.3500
2019-02-01,61.1800,39035408,2375429263.6600
2019-02-11,64.7000,43398199,2753822285.8500
2019-02-12,64.7500,43764170,2856721810.0500
2019-02-13,66.0700,37435649,2448957573.3200
2019-02-14,67.9600,44614646,3004589301.3700
2019-02-15,66.4000,31127211,2082676229.3800
2019-02-18,69.8700,43977028,3023099194.8100
2019-02-19,69.6700,33964852,2359916161.5000
2019-02-20,69.0100,29628140,2047537231.2400
2019-02-21,68.0500,28349805,1939785170.4000
2019-02-22,68.5000,23804524,1612149500.1500
2019-02-25,71.2600,59350605,4126012682.7200
2019-02-26,68.9200,45065352,3137917046.2800
2019-02-27,70.0600,48830743,3448272493.0800
2019-02-28,71.5000,39447795,2804495424.0600
2019-03-01,75.9000,49318998,3648644759.3100
2019-03-04,77.2500,61247124,4731317564.7400
2019-03-05,77.7700,33285888,2577911820.5400
2019-03-06,76.9900,34185096,2619984243.0600
2019-03-07,73.9700,46417664,3452843502.8500
2019-03-08,71.4400,42140085,3053064892.2100
2019-03-11,76.0000,45333022,3365404170.7000
2019-03-12,75.3000,34597522,2617867826.2000
2019-03-13,76.5000,32098342,2441832251.0000
2019-03-14,77.1500,43831252,3412067635.3300
2019-03-15,78.7800,40766689,3195204171.4500
2019-03-18,86.6600,78502853,6597656097.7200
2019-03-19,86.0000,61471264,5293626419.3500
2019-03-20,85.7000,40412261,3473591304.2700
2019-03-21,84.9000,21863519,1857556465.8900
2019-03-22,86.0500,28722831,2459037963.3000
2019-03-25,82.8100,33348523,2793616226.1900
2019-03-26,84.4700,32321293,2724755664.3800
2019-03-27,87.9800,49444264,4308324502.2100
2019-03-28,90.3000,60734571,5493378455.4500
2019-03-29,95.0000,57499553,5426052479.6900
2019-04-01,96.5700,54871096,5244031795.2800
2019-04-02,96.0600,35698969,3399871594.8900
2019-04-03,95.4000,24743843,2369519371.5800
2019-04-04,100.2300,51629797,5094805404.5400
2019-04-08,102.0000,53574123,5478418894.1800
2019-04-09,110.0200,47313725,4884426196.2400
2019-04-10,107.0000,67314447,7185973863.1600
2019-04-11,99.8000,67620791,6875381507.7100
2019-04-12,99.6200,41082462,4052939503.1400
2019-04-15,100.6000,46450328,4759979024.7600
2019-04-16,102.2100,47471447,4751005774.2600
2019-04-17,103.6200,42313686,4356259331.6000
2019-04-18,102.3400,27866312,2862113036.5300
2019-04-19,101.6600,30235053,3052000832.0700
2019-04-22,101.1300,35074375,3571766313.5800
2019-04-23,104.3100,52179397,5401052567.0400
2019-04-24,103.5000,36260720,3738473481.5100
2019-04-25,100.6000,32452314,3310704569.8900
2019-04-26,102.2700,41070659,4170490844.5700
2019-04-29,102.2900,57844278,5918159012.4600
2019-04-30,102.3600,29919652,3066006981.2800
2019-05-06,92.1200,71699288,6811943471.7900
2019-05-07,95.9600,51724250,4939402434.0500
2019-05-08,95.8800,33331643,3192877613.7800
2019-05-09,91.8100,52505788,4852605179.2400
2019-05-10,99.2000,59712662,5777245727.2800
2019-05-13,103.6000,52161819,5335656536.8400
2019-05-14,102.4800,43103407,4441800280.6100
2019-05-15,109.9000,64752067,6923929594.4600
2019-05-16,109.9800,42650271,4675545683.3500
2019-05-17,106.4600,50119516,5378725800.7500
2019-05-20,104.0000,39848030,4127376688.5100
2019-05-21,104.2000,41802959,4339949492.6000
2019-05-22,103.3100,28154190,2903441868.6500
2019-05-23,99.8300,42803482,4314285880.8700
2019-05-24,101.0200,32483843,3284967739.1900
2019-05-27,102.0000,35118546,3534292353.4900
2019-05-28,103.1000,42784082,4399951006.5500
2019-05-29,104.5500,43169848,4487115414.3100
2019-05-30,103.1300,24927582,2571306202.9200
2019-05-31,101.2500,28848416,2938475708.5700
2019-06-03,101.4600,26133637,2653955613.1600
2019-06-04,99.1900,32098094,3192822293.7000
2019-06-05,99.0500,23542007,2346988264.1700
2019-06-06,97.2900,21720447,2118748151.0100
2019-06-10,100.4400,34585705,3428090377.7100
2019-06-11,108.9500,64152654,6792227836.5600
2019-06-12,107.6100,38459328,4155736709.2800
2019-06-13,106.8000,27469333,2924978251.2500
2019-06-14,104.9600,34824273,3709509512.1000
2019-06-17,103.7000,30060892,3129573468.4500
2019-06-18,104.0800,23270902,2416587880.6100
2019-06-19,105.9000,37826025,4049045244.0000
2019-06-20,112.9700,63113288,6984596749.9000
2019-06-21,112.9800,42898624,4826930124.0300
2019-06-24,115.0600,42801426,4920809658.8000
2019-06-25,114.9000,38759654,4414668439.0900
2019-06-26,113.8200,20314890,2313679180.3400
2019-06-27,117.3000,44692926,5219625987.7800
2019-06-28,117.9500,27036146,3173238391.5100
2019-07-01,126.0000,47980942,5957481819.8000
2019-07-02,128.0000,38293861,4819052184.0000
2019-07-03,123.9100,71443386,9012422827.1100
2019-07-04,123.0900,48313464,5912603655.0300
2019-07-05,129.8100,56284313,7145349870.9000
2019-07-08,127.0300,46616192,5915433713.3900
2019-07-09,126.0000,36763638,4648787014.6400
2019-07-10,126.4300,24640005,3115224797.8000
2019-07-11,123.5000,42100356,5284580704.3100
2019-07-12,125.5800,33453302,4185378161.3100
2019-07-15,125.0900,29438667,3649762390.1600
2019-07-16,123.5800,22980004,2852294240.2500
2019-07-17,123.6000,19844862,2452457673.5600
2019-07-18,121.0000,27961769,3420457851.7000
2019-07-19,122.1400,23843334,2923077635.0800
2019-07-22,123.4500,22928970,2814700738.4600
2019-07-23,120.0500,42676139,5141805061.0000
2019-07-24,119.5000,28278572,3392025182.8500
2019-07-25,121.6800,43975274,5225971396.1500
2019-07-26,121.2500,23523112,2859765034.2700
2019-07-29,123.7500,35604106,4382731013.7200
2019-07-30,122.9000,23894477,2948652613.8700
2019-07-31,120.7100,24268263,2940184907.2900
2019-08-01,119.0300,26073594,3109917796.4200
2019-08-02,118.1200,27001114,3167999085.4300
2019-08-05,116.9500,26994647,3169877896.9300
2019-08-06,121.2800,53310230,6331332804.5100
2019-08-07,118.8800,25685751,3082279497.1800
2019-08-08,120.5200,25217971,3043542051.9700
2019-08-09,118.0200,27818507,3321550416.8800
2019-08-12,122.8400,39537008,4797396604.6500
2019-08-13,122.3000,19187436,2342683338.1200
2019-08-14,125.8500,41626948,5232740560.2300
2019-08-15,125.9800,24699937,3086946678.2500
2019-08-16,126.3000,31217017,3974054169.0700
2019-08-19,127.9000,31274691,3982435339.5700
2019-08-20,129.5900,30661661,3970361320.2200
2019-08-21,127.8500,23290010,2992919479.0000
2019-08-22,130.5000,30208688,3912514036.6000
2019-08-23,130.1000,32066729,4184735271.2900
2019-08-26,127.4200,28321987,3616949036.1800
2019-08-27,132.3800,37967088,4996837361.8600
2019-08-28,133.9200,34376375,4610003446.8900
2019-08-29,137.0000,31629032,4294986772.5900
2019-08-30,141.5000,44079767,6195944729.7900
2019-09-02,141.8900,32990052,4649797983.6900
2019-09-03,141.5000,27475366,3872907647.1400
2019-09-04,138.3100,38055567,5269300147.9700
2019-09-05,138.9000,30024701,4172563456.1700
2019-09-06,140.0100,27932773,3879562633.1400
2019-09-09,139.2000,22490260,3131952949.3100
2019-09-10,137.2500,24783638,3401992978.9600
2019-09-11,129.2600,70230982,9220352269.7300
2019-09-12,131.5500,41275448,5390859933.1500
2019-09-16,130.9200,23810803,3107715798.5700
2019-09-17,131.5400,25786137,3398413396.6100
2019-09-18,135.5600,36393551,4907950565.6300
2019-09-19,134.9200,18204494,2452341152.7800
2019-09-20,136.8400,25790534,3523702834.8300
